date,country_code,admin_level,admin1,fips,samples,m50,m50_index
3/1/20,US,1,Alabama,01,133826,8.331,79
3/2/20,US,1,Alabama,01,143632,10.398,98
3/3/20,US,1,Alabama,01,146009,10.538,100
3/4/20,US,1,Alabama,01,149352,10.144,96
3/5/20,US,1,Alabama,01,144109,10.982,104
3/6/20,US,1,Alabama,01,141491,13.024,123
3/7/20,US,1,Alabama,01,141163,11.373,107
3/8/20,US,1,Alabama,01,138075,8.513,80
3/9/20,US,1,Alabama,01,145037,10.901,103
3/10/20,US,1,Alabama,01,143390,10.892,103
3/11/20,US,1,Alabama,01,143775,10.954,103
3/12/20,US,1,Alabama,01,141531,11.755,111
3/13/20,US,1,Alabama,01,138766,12.269,116
3/14/20,US,1,Alabama,01,135267,9.379,89
3/15/20,US,1,Alabama,01,131636,6.384,60
3/16/20,US,1,Alabama,01,134064,9.49,90
3/17/20,US,1,Alabama,01,137404,8.263,78
3/18/20,US,1,Alabama,01,133274,7.662,72
3/19/20,US,1,Alabama,01,130158,7.863,74
3/20/20,US,1,Alabama,01,122306,8.325,78
3/21/20,US,1,Alabama,01,104381,5.233,49
3/22/20,US,1,Alabama,01,118961,2.903,27
3/23/20,US,1,Alabama,01,128380,5.398,51
3/24/20,US,1,Alabama,01,132352,5.519,52
3/25/20,US,1,Alabama,01,128921,6.305,59
3/26/20,US,1,Alabama,01,130572,6.363,60
3/27/20,US,1,Alabama,01,129899,6.956,66
3/28/20,US,1,Alabama,01,128521,4.772,45
3/29/20,US,1,Alabama,01,132096,2.739,25
3/30/20,US,1,Alabama,01,132085,5.148,48
3/31/20,US,1,Alabama,01,132317,4.49,42
4/1/20,US,1,Alabama,01,131723,5.619,53
4/2/20,US,1,Alabama,01,131971,5.876,55
4/3/20,US,1,Alabama,01,130966,6.624,62
4/4/20,US,1,Alabama,01,126566,4.241,40
4/5/20,US,1,Alabama,01,126988,1.191,11
4/6/20,US,1,Alabama,01,127030,4.476,42
4/7/20,US,1,Alabama,01,128338,4.326,41
4/8/20,US,1,Alabama,01,127651,4.519,42
4/9/20,US,1,Alabama,01,128604,5.287,50
4/10/20,US,1,Alabama,01,123336,6.14,58
3/1/20,US,1,Alaska,02,7782,0.808,20
3/2/20,US,1,Alaska,02,8215,3.463,86
3/3/20,US,1,Alaska,02,8245,3.791,94
3/4/20,US,1,Alaska,02,8385,4.003,100
3/5/20,US,1,Alaska,02,8069,4.072,101
3/6/20,US,1,Alaska,02,8220,4.351,108
3/7/20,US,1,Alaska,02,7959,2.337,58
3/8/20,US,1,Alaska,02,8060,0.816,20
3/9/20,US,1,Alaska,02,8147,3.002,74
3/10/20,US,1,Alaska,02,7902,3.524,88
3/11/20,US,1,Alaska,02,7904,3.678,91
3/12/20,US,1,Alaska,02,7648,3.605,90
3/13/20,US,1,Alaska,02,7555,3.884,97
3/14/20,US,1,Alaska,02,7254,1.601,39
3/15/20,US,1,Alaska,02,7098,0.559,13
3/16/20,US,1,Alaska,02,7330,2.976,74
3/17/20,US,1,Alaska,02,7728,2.45,61
3/18/20,US,1,Alaska,02,7641,1.81,45
3/19/20,US,1,Alaska,02,7421,1.23,30
3/20/20,US,1,Alaska,02,7150,1.783,44
3/21/20,US,1,Alaska,02,6304,0.04,0
3/22/20,US,1,Alaska,02,6835,0.04,0
3/23/20,US,1,Alaska,02,7616,0.278,6
3/24/20,US,1,Alaska,02,7980,0.16,3
3/25/20,US,1,Alaska,02,7844,0.114,2
3/26/20,US,1,Alaska,02,7940,0.168,4
3/27/20,US,1,Alaska,02,8000,0.278,6
3/28/20,US,1,Alaska,02,7748,0.038,0
3/29/20,US,1,Alaska,02,8644,0.031,0
3/30/20,US,1,Alaska,02,8858,0.052,1
3/31/20,US,1,Alaska,02,9083,0.089,2
4/1/20,US,1,Alaska,02,8641,0.067,1
4/2/20,US,1,Alaska,02,8796,0.061,1
4/3/20,US,1,Alaska,02,8223,0.343,8
4/4/20,US,1,Alaska,02,8202,0.048,1
4/5/20,US,1,Alaska,02,8176,0.036,0
4/6/20,US,1,Alaska,02,7497,0.094,2
4/7/20,US,1,Alaska,02,7703,0.089,2
4/8/20,US,1,Alaska,02,8193,0.136,3
4/9/20,US,1,Alaska,02,7543,0.063,1
4/10/20,US,1,Alaska,02,7187,0.137,3
3/1/20,US,1,Arizona,04,121939,4.749,60
3/2/20,US,1,Arizona,04,126957,7.555,96
3/3/20,US,1,Arizona,04,129004,7.665,98
3/4/20,US,1,Arizona,04,131541,7.819,100
3/5/20,US,1,Arizona,04,126999,8.359,106
3/6/20,US,1,Arizona,04,125203,8.954,114
3/7/20,US,1,Arizona,04,125403,7.167,91
3/8/20,US,1,Arizona,04,124129,4.902,62
3/9/20,US,1,Arizona,04,126534,7.477,95
3/10/20,US,1,Arizona,04,125845,7.438,95
3/11/20,US,1,Arizona,04,126545,7.156,91
3/12/20,US,1,Arizona,04,124075,6.969,89
3/13/20,US,1,Arizona,04,122646,7.441,95
3/14/20,US,1,Arizona,04,119059,5.387,68
3/15/20,US,1,Arizona,04,117271,3.621,46
3/16/20,US,1,Arizona,04,118045,5.885,75
3/17/20,US,1,Arizona,04,121978,4.966,63
3/18/20,US,1,Arizona,04,119575,3.643,46
3/19/20,US,1,Arizona,04,114989,3.091,39
3/20/20,US,1,Arizona,04,110040,4.19,53
3/21/20,US,1,Arizona,04,99749,1.66,21
3/22/20,US,1,Arizona,04,109420,0.663,8
3/23/20,US,1,Arizona,04,116486,2.246,28
3/24/20,US,1,Arizona,04,119805,2.097,26
3/25/20,US,1,Arizona,04,115666,2.149,27
3/26/20,US,1,Arizona,04,118088,1.874,23
3/27/20,US,1,Arizona,04,116861,2.154,27
3/28/20,US,1,Arizona,04,116517,0.933,11
3/29/20,US,1,Arizona,04,120047,0.206,2
3/30/20,US,1,Arizona,04,120359,1.44,18
3/31/20,US,1,Arizona,04,120195,1.462,18
4/1/20,US,1,Arizona,04,118915,0.875,11
4/2/20,US,1,Arizona,04,117460,1.086,13
4/3/20,US,1,Arizona,04,116632,1.648,21
4/4/20,US,1,Arizona,04,114796,0.625,7
4/5/20,US,1,Arizona,04,117391,0.061,0
4/6/20,US,1,Arizona,04,113381,0.882,11
4/7/20,US,1,Arizona,04,115189,0.991,12
4/8/20,US,1,Arizona,04,115693,0.9,11
4/9/20,US,1,Arizona,04,113964,1.011,12
4/10/20,US,1,Arizona,04,108732,1.875,23
3/1/20,US,1,Arkansas,05,73333,7.026,73
3/2/20,US,1,Arkansas,05,77902,9.268,97
3/3/20,US,1,Arkansas,05,78919,9.547,100
3/4/20,US,1,Arkansas,05,80793,9.347,97
3/5/20,US,1,Arkansas,05,78242,10.079,105
3/6/20,US,1,Arkansas,05,76849,11.948,125
3/7/20,US,1,Arkansas,05,76244,10.333,108
3/8/20,US,1,Arkansas,05,75613,7.334,76
3/9/20,US,1,Arkansas,05,79647,8.582,89
3/10/20,US,1,Arkansas,05,79465,9.527,99
3/11/20,US,1,Arkansas,05,79609,9.225,96
3/12/20,US,1,Arkansas,05,78625,9.633,100
3/13/20,US,1,Arkansas,05,76915,9.743,102
3/14/20,US,1,Arkansas,05,74898,6.541,68
3/15/20,US,1,Arkansas,05,72962,4.994,52
3/16/20,US,1,Arkansas,05,73513,7.261,76
3/17/20,US,1,Arkansas,05,75821,6.732,70
3/18/20,US,1,Arkansas,05,73859,6.119,64
3/19/20,US,1,Arkansas,05,73106,6.102,63
3/20/20,US,1,Arkansas,05,67688,7.268,76
3/21/20,US,1,Arkansas,05,57931,4.644,48
3/22/20,US,1,Arkansas,05,64791,1.713,17
3/23/20,US,1,Arkansas,05,71292,5.149,53
3/24/20,US,1,Arkansas,05,73108,4.78,50
3/25/20,US,1,Arkansas,05,71180,5.765,60
3/26/20,US,1,Arkansas,05,72838,6.095,63
3/27/20,US,1,Arkansas,05,72537,6.037,63
3/28/20,US,1,Arkansas,05,71315,3.086,32
3/29/20,US,1,Arkansas,05,73785,3.304,34
3/30/20,US,1,Arkansas,05,73751,4.314,45
3/31/20,US,1,Arkansas,05,73934,4.822,50
4/1/20,US,1,Arkansas,05,73700,5.306,55
4/2/20,US,1,Arkansas,05,73777,5.436,56
4/3/20,US,1,Arkansas,05,73016,5.184,54
4/4/20,US,1,Arkansas,05,70152,2.818,29
4/5/20,US,1,Arkansas,05,71446,2.213,23
4/6/20,US,1,Arkansas,05,70637,4.761,49
4/7/20,US,1,Arkansas,05,71602,4.81,50
4/8/20,US,1,Arkansas,05,71776,5.291,55
4/9/20,US,1,Arkansas,05,71512,5.372,56
4/10/20,US,1,Arkansas,05,68929,6.314,66
3/1/20,US,1,California,06,451282,4.122,60
3/2/20,US,1,California,06,457175,6.725,98
3/3/20,US,1,California,06,472598,6.842,100
3/4/20,US,1,California,06,481255,6.827,99
3/5/20,US,1,California,06,458159,7.27,106
3/6/20,US,1,California,06,446703,7.649,111
3/7/20,US,1,California,06,449691,5.97,87
3/8/20,US,1,California,06,453899,4.292,62
3/9/20,US,1,California,06,473532,6.339,92
3/10/20,US,1,California,06,443272,6.522,95
3/11/20,US,1,California,06,469395,6.591,96
3/12/20,US,1,California,06,462734,6.159,90
3/13/20,US,1,California,06,449089,6.232,91
3/14/20,US,1,California,06,438905,3.512,51
3/15/20,US,1,California,06,425702,2.195,32
3/16/20,US,1,California,06,394102,4.541,66
3/17/20,US,1,California,06,410186,3.222,47
3/18/20,US,1,California,06,382315,2.848,41
3/19/20,US,1,California,06,371654,2.003,29
3/20/20,US,1,California,06,333099,2.498,36
3/21/20,US,1,California,06,285539,0.721,10
3/22/20,US,1,California,06,349210,0.267,3
3/23/20,US,1,California,06,375438,0.961,14
3/24/20,US,1,California,06,395032,0.779,11
3/25/20,US,1,California,06,376378,1.046,15
3/26/20,US,1,California,06,385779,0.922,13
3/27/20,US,1,California,06,362058,1.553,22
3/28/20,US,1,California,06,380862,0.251,3
3/29/20,US,1,California,06,391174,0.05,0
3/30/20,US,1,California,06,401335,0.609,8
3/31/20,US,1,California,06,401469,0.75,10
4/1/20,US,1,California,06,397929,0.807,11
4/2/20,US,1,California,06,391404,0.899,13
4/3/20,US,1,California,06,386905,1.354,19
4/4/20,US,1,California,06,383533,0.23,3
4/5/20,US,1,California,06,411145,0.033,0
4/6/20,US,1,California,06,374329,0.151,2
4/7/20,US,1,California,06,379980,0.354,5
4/8/20,US,1,California,06,384760,0.361,5
4/9/20,US,1,California,06,379211,0.121,1
4/10/20,US,1,California,06,350514,1.011,14
3/1/20,US,1,Colorado,08,92976,3.884,55
3/2/20,US,1,Colorado,08,95557,6.412,91
3/3/20,US,1,Colorado,08,97493,6.914,98
3/4/20,US,1,Colorado,08,99724,7.046,99
3/5/20,US,1,Colorado,08,96419,7.323,103
3/6/20,US,1,Colorado,08,94724,8.018,113
3/7/20,US,1,Colorado,08,96419,6.42,91
3/8/20,US,1,Colorado,08,98031,4.284,60
3/9/20,US,1,Colorado,08,101639,6.771,96
3/10/20,US,1,Colorado,08,100060,6.95,98
3/11/20,US,1,Colorado,08,100308,7.156,101
3/12/20,US,1,Colorado,08,98490,7.126,101
3/13/20,US,1,Colorado,08,95506,6.494,92
3/14/20,US,1,Colorado,08,91758,3.974,56
3/15/20,US,1,Colorado,08,90223,2.384,33
3/16/20,US,1,Colorado,08,89643,4.694,66
3/17/20,US,1,Colorado,08,91734,3.211,45
3/18/20,US,1,Colorado,08,89817,3.151,44
3/19/20,US,1,Colorado,08,85109,0.408,5
3/20/20,US,1,Colorado,08,79367,1.606,22
3/21/20,US,1,Colorado,08,72243,0.411,5
3/22/20,US,1,Colorado,08,81890,0.269,3
3/23/20,US,1,Colorado,08,87575,1.538,21
3/24/20,US,1,Colorado,08,90801,1.312,18
3/25/20,US,1,Colorado,08,87662,1.463,20
3/26/20,US,1,Colorado,08,89109,0.199,2
3/27/20,US,1,Colorado,08,88177,0.113,1
3/28/20,US,1,Colorado,08,88322,0.041,0
3/29/20,US,1,Colorado,08,91146,0.039,0
3/30/20,US,1,Colorado,08,91978,0.15,2
3/31/20,US,1,Colorado,08,91444,0.568,8
4/1/20,US,1,Colorado,08,91421,0.449,6
4/2/20,US,1,Colorado,08,89512,0.056,0
4/3/20,US,1,Colorado,08,88238,0.282,4
4/4/20,US,1,Colorado,08,87715,0.108,1
4/5/20,US,1,Colorado,08,89651,0.049,0
4/6/20,US,1,Colorado,08,86831,0.441,6
4/7/20,US,1,Colorado,08,87936,0.511,7
4/8/20,US,1,Colorado,08,88270,0.523,7
4/9/20,US,1,Colorado,08,86601,0.427,6
4/10/20,US,1,Colorado,08,82296,1.163,16
3/1/20,US,1,Connecticut,09,48664,4.172,61
3/2/20,US,1,Connecticut,09,51311,6.703,99
3/3/20,US,1,Connecticut,09,52811,6.615,98
3/4/20,US,1,Connecticut,09,55096,6.74,100
3/5/20,US,1,Connecticut,09,52620,7.25,107
3/6/20,US,1,Connecticut,09,51831,7.54,111
3/7/20,US,1,Connecticut,09,51258,5.866,87
3/8/20,US,1,Connecticut,09,51024,4.067,60
3/9/20,US,1,Connecticut,09,53579,6.607,98
3/10/20,US,1,Connecticut,09,52997,6.638,98
3/11/20,US,1,Connecticut,09,52376,6.51,96
3/12/20,US,1,Connecticut,09,51967,6.494,96
3/13/20,US,1,Connecticut,09,50038,5.762,85
3/14/20,US,1,Connecticut,09,48044,3.85,57
3/15/20,US,1,Connecticut,09,47283,2.174,32
3/16/20,US,1,Connecticut,09,47748,4.056,60
3/17/20,US,1,Connecticut,09,49659,2.666,39
3/18/20,US,1,Connecticut,09,48583,2.598,38
3/19/20,US,1,Connecticut,09,48129,2.174,32
3/20/20,US,1,Connecticut,09,44355,2.992,44
3/21/20,US,1,Connecticut,09,38889,0.849,12
3/22/20,US,1,Connecticut,09,43150,0.188,2
3/23/20,US,1,Connecticut,09,47178,0.092,1
3/24/20,US,1,Connecticut,09,48780,0.537,7
3/25/20,US,1,Connecticut,09,46710,0.344,5
3/26/20,US,1,Connecticut,09,48661,0.997,14
3/27/20,US,1,Connecticut,09,48669,1.401,20
3/28/20,US,1,Connecticut,09,47069,0.07,1
3/29/20,US,1,Connecticut,09,48640,0.033,0
3/30/20,US,1,Connecticut,09,49599,0.123,1
3/31/20,US,1,Connecticut,09,49396,0.299,4
4/1/20,US,1,Connecticut,09,49830,0.462,6
4/2/20,US,1,Connecticut,09,48542,0.396,5
4/3/20,US,1,Connecticut,09,47649,0.372,5
4/4/20,US,1,Connecticut,09,47142,0.318,4
4/5/20,US,1,Connecticut,09,48687,0.05,0
4/6/20,US,1,Connecticut,09,46821,0.561,8
4/7/20,US,1,Connecticut,09,47317,0.604,8
4/8/20,US,1,Connecticut,09,47407,0.176,2
4/9/20,US,1,Connecticut,09,47661,0.063,0
4/10/20,US,1,Connecticut,09,44638,0.643,9
3/1/20,US,1,Delaware,10,16313,4.981,59
3/2/20,US,1,Delaware,10,17024,8.269,99
3/3/20,US,1,Delaware,10,17324,8.322,100
3/4/20,US,1,Delaware,10,18139,8.092,97
3/5/20,US,1,Delaware,10,17288,8.654,103
3/6/20,US,1,Delaware,10,16886,8.773,105
3/7/20,US,1,Delaware,10,17004,7.342,88
3/8/20,US,1,Delaware,10,16859,5.37,64
3/9/20,US,1,Delaware,10,17540,7.845,94
3/10/20,US,1,Delaware,10,17410,7.964,95
3/11/20,US,1,Delaware,10,17289,7.986,95
3/12/20,US,1,Delaware,10,17045,8.439,101
3/13/20,US,1,Delaware,10,16417,8.015,96
3/14/20,US,1,Delaware,10,16017,5.126,61
3/15/20,US,1,Delaware,10,15764,2.888,34
3/16/20,US,1,Delaware,10,15800,5.704,68
3/17/20,US,1,Delaware,10,16577,4.496,54
3/18/20,US,1,Delaware,10,16088,3.728,44
3/19/20,US,1,Delaware,10,16023,3.517,42
3/20/20,US,1,Delaware,10,15233,4.59,55
3/21/20,US,1,Delaware,10,13485,0.991,11
3/22/20,US,1,Delaware,10,14627,0.19,2
3/23/20,US,1,Delaware,10,15819,1.758,21
3/24/20,US,1,Delaware,10,16257,0.661,7
3/25/20,US,1,Delaware,10,15509,0.135,1
3/26/20,US,1,Delaware,10,16125,1.366,16
3/27/20,US,1,Delaware,10,16124,1.789,21
3/28/20,US,1,Delaware,10,15743,0.044,0
3/29/20,US,1,Delaware,10,16656,0.047,0
3/30/20,US,1,Delaware,10,16630,0.8,9
3/31/20,US,1,Delaware,10,16476,0.329,3
4/1/20,US,1,Delaware,10,16488,0.612,7
4/2/20,US,1,Delaware,10,16049,1.034,12
4/3/20,US,1,Delaware,10,16025,1.336,16
4/4/20,US,1,Delaware,10,15642,0.102,1
4/5/20,US,1,Delaware,10,16242,0.054,0
4/6/20,US,1,Delaware,10,15682,0.592,7
4/7/20,US,1,Delaware,10,15860,0.5,6
4/8/20,US,1,Delaware,10,16036,0.815,9
4/9/20,US,1,Delaware,10,16292,0.345,4
4/10/20,US,1,Delaware,10,15169,0.978,11
3/1/20,US,1,Florida,12,448216,5.847,71
3/2/20,US,1,Florida,12,471849,8.127,99
3/3/20,US,1,Florida,12,478867,8.147,100
3/4/20,US,1,Florida,12,491475,8.133,99
3/5/20,US,1,Florida,12,476604,8.485,104
3/6/20,US,1,Florida,12,473093,9.065,111
3/7/20,US,1,Florida,12,473994,7.541,92
3/8/20,US,1,Florida,12,470542,5.558,68
3/9/20,US,1,Florida,12,488402,7.855,96
3/10/20,US,1,Florida,12,484678,8.086,99
3/11/20,US,1,Florida,12,481888,8.236,101
3/12/20,US,1,Florida,12,477395,8.323,102
3/13/20,US,1,Florida,12,465646,8.39,102
3/14/20,US,1,Florida,12,450586,6.142,75
3/15/20,US,1,Florida,12,440176,4.27,52
3/16/20,US,1,Florida,12,443600,6.247,76
3/17/20,US,1,Florida,12,457676,5.416,66
3/18/20,US,1,Florida,12,443087,4.543,55
3/19/20,US,1,Florida,12,438077,4.64,56
3/20/20,US,1,Florida,12,404983,5.033,61
3/21/20,US,1,Florida,12,353145,2.192,26
3/22/20,US,1,Florida,12,391058,0.865,10
3/23/20,US,1,Florida,12,423791,2.741,33
3/24/20,US,1,Florida,12,431097,2.412,29
3/25/20,US,1,Florida,12,418708,2.542,31
3/26/20,US,1,Florida,12,426128,2.301,28
3/27/20,US,1,Florida,12,423223,2.278,27
3/28/20,US,1,Florida,12,415200,0.655,8
3/29/20,US,1,Florida,12,433201,0.142,1
3/30/20,US,1,Florida,12,429357,1.264,15
3/31/20,US,1,Florida,12,430965,1.385,17
4/1/20,US,1,Florida,12,428573,1.691,20
4/2/20,US,1,Florida,12,422439,1.919,23
4/3/20,US,1,Florida,12,416301,1.408,17
4/4/20,US,1,Florida,12,404369,0.353,4
4/5/20,US,1,Florida,12,413138,0.039,0
4/6/20,US,1,Florida,12,407612,0.756,9
4/7/20,US,1,Florida,12,413345,0.99,12
4/8/20,US,1,Florida,12,411613,1.047,12
4/9/20,US,1,Florida,12,413549,1.142,14
4/10/20,US,1,Florida,12,393842,1.707,20
3/1/20,US,1,Georgia,13,234185,7.651,78
3/2/20,US,1,Georgia,13,249871,9.768,100
3/3/20,US,1,Georgia,13,254964,9.739,99
3/4/20,US,1,Georgia,13,262336,9.549,97
3/5/20,US,1,Georgia,13,252180,9.845,100
3/6/20,US,1,Georgia,13,247118,11.54,118
3/7/20,US,1,Georgia,13,246809,10.109,103
3/8/20,US,1,Georgia,13,241681,7.459,76
3/9/20,US,1,Georgia,13,255226,9.91,101
3/10/20,US,1,Georgia,13,253415,9.895,101
3/11/20,US,1,Georgia,13,252274,10.235,104
3/12/20,US,1,Georgia,13,249454,10.449,106
3/13/20,US,1,Georgia,13,243546,10.295,105
3/14/20,US,1,Georgia,13,235973,7.401,75
3/15/20,US,1,Georgia,13,229316,4.556,46
3/16/20,US,1,Georgia,13,233332,7.338,75
3/17/20,US,1,Georgia,13,241114,6.37,65
3/18/20,US,1,Georgia,13,234785,5.615,57
3/19/20,US,1,Georgia,13,231545,6.212,63
3/20/20,US,1,Georgia,13,216529,6.771,69
3/21/20,US,1,Georgia,13,190822,4.105,42
3/22/20,US,1,Georgia,13,211168,1.427,14
3/23/20,US,1,Georgia,13,228711,3.438,35
3/24/20,US,1,Georgia,13,235572,3.165,32
3/25/20,US,1,Georgia,13,228497,3.933,40
3/26/20,US,1,Georgia,13,232158,3.892,39
3/27/20,US,1,Georgia,13,231531,4.573,46
3/28/20,US,1,Georgia,13,227222,2.699,27
3/29/20,US,1,Georgia,13,233682,1.005,10
3/30/20,US,1,Georgia,13,235463,3.056,31
3/31/20,US,1,Georgia,13,234579,2.448,25
4/1/20,US,1,Georgia,13,233345,3.419,35
4/2/20,US,1,Georgia,13,232891,4.055,41
4/3/20,US,1,Georgia,13,228651,3.572,36
4/4/20,US,1,Georgia,13,219617,0.834,8
4/5/20,US,1,Georgia,13,225539,0.212,2
4/6/20,US,1,Georgia,13,222692,2.146,21
4/7/20,US,1,Georgia,13,226031,2.274,23
4/8/20,US,1,Georgia,13,225006,2.431,24
4/9/20,US,1,Georgia,13,226760,2.863,29
4/10/20,US,1,Georgia,13,216432,3.898,39
3/1/20,US,1,Hawaii,15,19945,4.614,68
3/2/20,US,1,Hawaii,15,20876,6.59,97
3/3/20,US,1,Hawaii,15,21151,6.762,99
3/4/20,US,1,Hawaii,15,21408,6.778,100
3/5/20,US,1,Hawaii,15,20794,7.105,104
3/6/20,US,1,Hawaii,15,20711,7.509,110
3/7/20,US,1,Hawaii,15,20913,6.541,96
3/8/20,US,1,Hawaii,15,21075,5.32,78
3/9/20,US,1,Hawaii,15,21637,6.745,99
3/10/20,US,1,Hawaii,15,21525,7.166,105
3/11/20,US,1,Hawaii,15,21774,6.95,102
3/12/20,US,1,Hawaii,15,20195,6.587,97
3/13/20,US,1,Hawaii,15,20633,7.646,112
3/14/20,US,1,Hawaii,15,20255,6.21,91
3/15/20,US,1,Hawaii,15,19743,4.546,67
3/16/20,US,1,Hawaii,15,19870,5.6,82
3/17/20,US,1,Hawaii,15,20330,4.715,69
3/18/20,US,1,Hawaii,15,19810,4.97,73
3/19/20,US,1,Hawaii,15,17037,3.222,47
3/20/20,US,1,Hawaii,15,17390,4.882,72
3/21/20,US,1,Hawaii,15,15037,2.369,34
3/22/20,US,1,Hawaii,15,17330,1.62,23
3/23/20,US,1,Hawaii,15,17918,3.101,45
3/24/20,US,1,Hawaii,15,18123,1.994,29
3/25/20,US,1,Hawaii,15,17280,1.645,24
3/26/20,US,1,Hawaii,15,17364,1.054,15
3/27/20,US,1,Hawaii,15,17374,1.503,22
3/28/20,US,1,Hawaii,15,17154,0.424,6
3/29/20,US,1,Hawaii,15,18316,0.059,0
3/30/20,US,1,Hawaii,15,17653,1.184,17
3/31/20,US,1,Hawaii,15,18085,1.301,19
4/1/20,US,1,Hawaii,15,17479,1.467,21
4/2/20,US,1,Hawaii,15,17647,1.436,21
4/3/20,US,1,Hawaii,15,17646,1.961,28
4/4/20,US,1,Hawaii,15,17409,0.787,11
4/5/20,US,1,Hawaii,15,17331,0.178,2
4/6/20,US,1,Hawaii,15,16561,1.306,19
4/7/20,US,1,Hawaii,15,17071,1.319,19
4/8/20,US,1,Hawaii,15,17004,1.308,19
4/9/20,US,1,Hawaii,15,15721,1.101,16
4/10/20,US,1,Hawaii,15,14668,1.476,21
3/1/20,US,1,Idaho,16,25095,2.566,47
3/2/20,US,1,Idaho,16,26229,5.339,97
3/3/20,US,1,Idaho,16,26614,5.396,98
3/4/20,US,1,Idaho,16,27250,5.454,100
3/5/20,US,1,Idaho,16,26249,5.891,108
3/6/20,US,1,Idaho,16,25661,6.319,115
3/7/20,US,1,Idaho,16,26044,4.552,83
3/8/20,US,1,Idaho,16,25952,2.806,51
3/9/20,US,1,Idaho,16,26828,5.331,97
3/10/20,US,1,Idaho,16,26484,5.588,102
3/11/20,US,1,Idaho,16,26700,5.738,105
3/12/20,US,1,Idaho,16,26030,5.8,106
3/13/20,US,1,Idaho,16,25661,6.192,113
3/14/20,US,1,Idaho,16,24893,3.387,62
3/15/20,US,1,Idaho,16,24559,1.705,31
3/16/20,US,1,Idaho,16,25037,4.737,86
3/17/20,US,1,Idaho,16,25755,4.187,76
3/18/20,US,1,Idaho,16,25313,3.865,70
3/19/20,US,1,Idaho,16,24749,3.595,65
3/20/20,US,1,Idaho,16,24006,4.017,73
3/21/20,US,1,Idaho,16,21598,1.936,35
3/22/20,US,1,Idaho,16,23625,0.84,15
3/23/20,US,1,Idaho,16,24794,2.729,50
3/24/20,US,1,Idaho,16,25901,2.639,48
3/25/20,US,1,Idaho,16,25025,2.414,44
3/26/20,US,1,Idaho,16,25598,1.483,27
3/27/20,US,1,Idaho,16,25349,1.685,30
3/28/20,US,1,Idaho,16,25247,0.352,6
3/29/20,US,1,Idaho,16,26091,0.044,0
3/30/20,US,1,Idaho,16,26288,1.063,19
3/31/20,US,1,Idaho,16,26591,1.077,19
4/1/20,US,1,Idaho,16,27116,1.162,21
4/2/20,US,1,Idaho,16,26415,1.209,22
4/3/20,US,1,Idaho,16,26111,1.713,31
4/4/20,US,1,Idaho,16,25637,0.409,7
4/5/20,US,1,Idaho,16,26298,0.044,0
4/6/20,US,1,Idaho,16,25445,1.197,21
4/7/20,US,1,Idaho,16,25643,1.589,29
4/8/20,US,1,Idaho,16,25663,1.885,34
4/9/20,US,1,Idaho,16,25241,1.888,34
4/10/20,US,1,Idaho,16,24107,2.65,48
3/1/20,US,1,Illinois,17,230203,5.142,70
3/2/20,US,1,Illinois,17,241730,7.092,97
3/3/20,US,1,Illinois,17,247251,7.263,100
3/4/20,US,1,Illinois,17,253725,7.255,99
3/5/20,US,1,Illinois,17,246790,7.506,103
3/6/20,US,1,Illinois,17,242530,8.22,113
3/7/20,US,1,Illinois,17,242209,7.032,96
3/8/20,US,1,Illinois,17,242810,5.052,69
3/9/20,US,1,Illinois,17,249928,6.599,90
3/10/20,US,1,Illinois,17,247305,7.067,97
3/11/20,US,1,Illinois,17,246489,7.182,98
3/12/20,US,1,Illinois,17,244335,7.147,98
3/13/20,US,1,Illinois,17,238507,7.233,99
3/14/20,US,1,Illinois,17,230187,4.398,60
3/15/20,US,1,Illinois,17,224914,2.868,39
3/16/20,US,1,Illinois,17,226573,4.977,68
3/17/20,US,1,Illinois,17,236559,3.582,49
3/18/20,US,1,Illinois,17,227145,2.678,36
3/19/20,US,1,Illinois,17,226680,2.574,35
3/20/20,US,1,Illinois,17,206219,3.722,51
3/21/20,US,1,Illinois,17,177646,0.762,10
3/22/20,US,1,Illinois,17,198647,0.038,0
3/23/20,US,1,Illinois,17,223431,0.427,5
3/24/20,US,1,Illinois,17,229114,0.696,9
3/25/20,US,1,Illinois,17,221719,1.268,17
3/26/20,US,1,Illinois,17,226648,0.805,11
3/27/20,US,1,Illinois,17,228766,1.144,15
3/28/20,US,1,Illinois,17,228719,0.1,1
3/29/20,US,1,Illinois,17,231442,0.046,0
3/30/20,US,1,Illinois,17,232459,0.736,10
3/31/20,US,1,Illinois,17,228947,0.712,9
4/1/20,US,1,Illinois,17,228163,1.03,14
4/2/20,US,1,Illinois,17,226523,1.209,16
4/3/20,US,1,Illinois,17,224455,1.642,22
4/4/20,US,1,Illinois,17,217988,0.292,4
4/5/20,US,1,Illinois,17,225546,0.077,1
4/6/20,US,1,Illinois,17,219403,0.778,10
4/7/20,US,1,Illinois,17,226058,1.199,16
4/8/20,US,1,Illinois,17,224912,0.927,12
4/9/20,US,1,Illinois,17,220774,0.862,11
4/10/20,US,1,Illinois,17,208894,1.727,23
3/1/20,US,1,Indiana,18,125061,5.497,66
3/2/20,US,1,Indiana,18,131429,7.884,94
3/3/20,US,1,Indiana,18,133980,8.322,100
3/4/20,US,1,Indiana,18,138517,8.167,98
3/5/20,US,1,Indiana,18,133461,8.579,103
3/6/20,US,1,Indiana,18,130719,9.539,114
3/7/20,US,1,Indiana,18,129982,7.864,94
3/8/20,US,1,Indiana,18,128443,5.651,67
3/9/20,US,1,Indiana,18,135341,7.625,91
3/10/20,US,1,Indiana,18,133970,7.817,93
3/11/20,US,1,Indiana,18,133136,8.002,96
3/12/20,US,1,Indiana,18,132459,8.015,96
3/13/20,US,1,Indiana,18,128105,8.453,101
3/14/20,US,1,Indiana,18,123010,4.84,58
3/15/20,US,1,Indiana,18,120169,3.41,40
3/16/20,US,1,Indiana,18,122388,6.232,74
3/17/20,US,1,Indiana,18,127297,5.304,63
3/18/20,US,1,Indiana,18,123965,4.346,52
3/19/20,US,1,Indiana,18,123661,4.388,52
3/20/20,US,1,Indiana,18,115803,5.097,61
3/21/20,US,1,Indiana,18,100600,1.692,20
3/22/20,US,1,Indiana,18,112398,0.26,3
3/23/20,US,1,Indiana,18,121802,3.144,37
3/24/20,US,1,Indiana,18,125629,2.672,32
3/25/20,US,1,Indiana,18,121397,1.602,19
3/26/20,US,1,Indiana,18,124313,1.686,20
3/27/20,US,1,Indiana,18,124496,1.939,23
3/28/20,US,1,Indiana,18,125777,0.298,3
3/29/20,US,1,Indiana,18,128181,0.068,0
3/30/20,US,1,Indiana,18,127367,1.463,17
3/31/20,US,1,Indiana,18,127060,1.422,17
4/1/20,US,1,Indiana,18,127125,1.604,19
4/2/20,US,1,Indiana,18,125911,2.224,26
4/3/20,US,1,Indiana,18,124219,2.894,34
4/4/20,US,1,Indiana,18,121070,0.72,8
4/5/20,US,1,Indiana,18,123577,0.117,1
4/6/20,US,1,Indiana,18,121561,1.945,23
4/7/20,US,1,Indiana,18,125684,2.198,26
4/8/20,US,1,Indiana,18,127201,2.179,26
4/9/20,US,1,Indiana,18,123694,1.881,22
4/10/20,US,1,Indiana,18,117114,2.625,31
3/1/20,US,1,Iowa,19,57303,4.687,67
3/2/20,US,1,Iowa,19,60148,6.77,97
3/3/20,US,1,Iowa,19,60897,6.941,100
3/4/20,US,1,Iowa,19,63430,6.825,98
3/5/20,US,1,Iowa,19,61026,7.24,104
3/6/20,US,1,Iowa,19,59869,8.717,125
3/7/20,US,1,Iowa,19,59594,7.162,103
3/8/20,US,1,Iowa,19,59208,4.733,68
3/9/20,US,1,Iowa,19,61552,6.292,90
3/10/20,US,1,Iowa,19,61377,6.906,99
3/11/20,US,1,Iowa,19,60996,7.106,102
3/12/20,US,1,Iowa,19,60526,7.356,105
3/13/20,US,1,Iowa,19,58070,8.556,123
3/14/20,US,1,Iowa,19,54848,4.849,69
3/15/20,US,1,Iowa,19,53338,3.133,45
3/16/20,US,1,Iowa,19,53532,5.572,80
3/17/20,US,1,Iowa,19,55436,4.855,69
3/18/20,US,1,Iowa,19,54893,3.572,51
3/19/20,US,1,Iowa,19,55293,3.395,48
3/20/20,US,1,Iowa,19,52144,4.102,59
3/21/20,US,1,Iowa,19,46587,1.573,22
3/22/20,US,1,Iowa,19,51897,0.405,5
3/23/20,US,1,Iowa,19,56562,2.692,38
3/24/20,US,1,Iowa,19,59051,2.674,38
3/25/20,US,1,Iowa,19,57287,2.77,39
3/26/20,US,1,Iowa,19,58668,2.742,39
3/27/20,US,1,Iowa,19,58528,2.963,42
3/28/20,US,1,Iowa,19,58891,0.914,13
3/29/20,US,1,Iowa,19,59908,0.332,4
3/30/20,US,1,Iowa,19,60137,2.616,37
3/31/20,US,1,Iowa,19,60471,2.704,38
4/1/20,US,1,Iowa,19,60630,2.722,39
4/2/20,US,1,Iowa,19,59888,2.599,37
4/3/20,US,1,Iowa,19,58623,2.373,34
4/4/20,US,1,Iowa,19,57637,1.453,20
4/5/20,US,1,Iowa,19,58573,0.801,11
4/6/20,US,1,Iowa,19,57803,2.171,31
4/7/20,US,1,Iowa,19,58883,2.975,42
4/8/20,US,1,Iowa,19,58637,2.544,36
4/9/20,US,1,Iowa,19,58118,2.321,33
4/10/20,US,1,Iowa,19,55817,3.364,48
3/1/20,US,1,Kansas,20,61191,5.146,69
3/2/20,US,1,Kansas,20,63865,7.043,95
3/3/20,US,1,Kansas,20,65017,7.326,99
3/4/20,US,1,Kansas,20,67126,7.352,100
3/5/20,US,1,Kansas,20,64685,7.833,106
3/6/20,US,1,Kansas,20,63552,9.268,126
3/7/20,US,1,Kansas,20,63423,7.837,106
3/8/20,US,1,Kansas,20,62778,5.208,70
3/9/20,US,1,Kansas,20,64578,6.736,91
3/10/20,US,1,Kansas,20,64117,7.429,101
3/11/20,US,1,Kansas,20,64239,7.834,106
3/12/20,US,1,Kansas,20,63881,7.889,107
3/13/20,US,1,Kansas,20,61652,7.996,108
3/14/20,US,1,Kansas,20,59072,4.682,63
3/15/20,US,1,Kansas,20,57544,2.841,38
3/16/20,US,1,Kansas,20,58587,5.275,71
3/17/20,US,1,Kansas,20,60405,4.634,63
3/18/20,US,1,Kansas,20,59587,4.121,56
3/19/20,US,1,Kansas,20,60077,3.949,53
3/20/20,US,1,Kansas,20,55529,4.444,60
3/21/20,US,1,Kansas,20,49147,2.123,28
3/22/20,US,1,Kansas,20,54812,0.785,10
3/23/20,US,1,Kansas,20,60144,3.178,43
3/24/20,US,1,Kansas,20,62030,2.21,30
3/25/20,US,1,Kansas,20,60080,2.63,35
3/26/20,US,1,Kansas,20,61375,2.39,32
3/27/20,US,1,Kansas,20,61165,2.664,36
3/28/20,US,1,Kansas,20,60480,1.265,17
3/29/20,US,1,Kansas,20,62678,0.871,11
3/30/20,US,1,Kansas,20,62741,1.663,22
3/31/20,US,1,Kansas,20,62730,2.11,28
4/1/20,US,1,Kansas,20,62637,2.219,30
4/2/20,US,1,Kansas,20,61911,2.026,27
4/3/20,US,1,Kansas,20,60492,1.76,23
4/4/20,US,1,Kansas,20,59499,0.929,12
4/5/20,US,1,Kansas,20,60639,0.386,5
4/6/20,US,1,Kansas,20,59526,1.786,24
4/7/20,US,1,Kansas,20,60341,2.386,32
4/8/20,US,1,Kansas,20,60473,2.44,33
4/9/20,US,1,Kansas,20,60196,2.23,30
4/10/20,US,1,Kansas,20,57397,2.837,38
3/1/20,US,1,Kentucky,21,87346,6.478,75
3/2/20,US,1,Kentucky,21,92083,8.122,94
3/3/20,US,1,Kentucky,21,94175,8.331,96
3/4/20,US,1,Kentucky,21,96433,8.618,100
3/5/20,US,1,Kentucky,21,92663,9.063,105
3/6/20,US,1,Kentucky,21,91250,9.822,113
3/7/20,US,1,Kentucky,21,91836,8.522,98
3/8/20,US,1,Kentucky,21,90799,6.603,76
3/9/20,US,1,Kentucky,21,93797,8.289,96
3/10/20,US,1,Kentucky,21,93129,8.323,96
3/11/20,US,1,Kentucky,21,92360,8.586,99
3/12/20,US,1,Kentucky,21,91789,8.183,94
3/13/20,US,1,Kentucky,21,89053,8.852,102
3/14/20,US,1,Kentucky,21,86017,5.245,60
3/15/20,US,1,Kentucky,21,83426,3.792,44
3/16/20,US,1,Kentucky,21,84782,6.473,75
3/17/20,US,1,Kentucky,21,88097,5.693,66
3/18/20,US,1,Kentucky,21,85812,5.007,58
3/19/20,US,1,Kentucky,21,84895,4.946,57
3/20/20,US,1,Kentucky,21,79793,5.703,66
3/21/20,US,1,Kentucky,21,66931,2.469,28
3/22/20,US,1,Kentucky,21,77541,1.148,13
3/23/20,US,1,Kentucky,21,83944,3.832,44
3/24/20,US,1,Kentucky,21,86535,2.822,32
3/25/20,US,1,Kentucky,21,83922,3.698,42
3/26/20,US,1,Kentucky,21,85831,3.79,43
3/27/20,US,1,Kentucky,21,85805,3.888,45
3/28/20,US,1,Kentucky,21,85498,2.314,26
3/29/20,US,1,Kentucky,21,87836,1.218,14
3/30/20,US,1,Kentucky,21,87219,2.819,32
3/31/20,US,1,Kentucky,21,86591,2.288,26
4/1/20,US,1,Kentucky,21,86649,2.579,29
4/2/20,US,1,Kentucky,21,85767,3.124,36
4/3/20,US,1,Kentucky,21,85028,3.893,45
4/4/20,US,1,Kentucky,21,82967,2.34,27
4/5/20,US,1,Kentucky,21,84571,1.067,12
4/6/20,US,1,Kentucky,21,83022,2.96,34
4/7/20,US,1,Kentucky,21,84684,3.01,34
4/8/20,US,1,Kentucky,21,86767,2.896,33
4/9/20,US,1,Kentucky,21,84575,3.003,34
4/10/20,US,1,Kentucky,21,80174,3.653,42
3/1/20,US,1,Louisiana,22,104796,6.911,73
3/2/20,US,1,Louisiana,22,111587,9.369,99
3/3/20,US,1,Louisiana,22,113407,9.417,100
3/4/20,US,1,Louisiana,22,116937,8.735,92
3/5/20,US,1,Louisiana,22,112128,9.896,105
3/6/20,US,1,Louisiana,22,109152,11.032,117
3/7/20,US,1,Louisiana,22,110174,9.553,101
3/8/20,US,1,Louisiana,22,109003,7.342,77
3/9/20,US,1,Louisiana,22,114185,9.045,96
3/10/20,US,1,Louisiana,22,113088,9.374,99
3/11/20,US,1,Louisiana,22,112998,9.504,100
3/12/20,US,1,Louisiana,22,110914,9.772,103
3/13/20,US,1,Louisiana,22,109246,10.028,106
3/14/20,US,1,Louisiana,22,106651,7.58,80
3/15/20,US,1,Louisiana,22,103884,5.611,59
3/16/20,US,1,Louisiana,22,103950,7.885,83
3/17/20,US,1,Louisiana,22,107165,6.648,70
3/18/20,US,1,Louisiana,22,103473,6.03,64
3/19/20,US,1,Louisiana,22,101724,6.086,64
3/20/20,US,1,Louisiana,22,94273,6.448,68
3/21/20,US,1,Louisiana,22,80021,3.547,37
3/22/20,US,1,Louisiana,22,91993,2.008,21
3/23/20,US,1,Louisiana,22,100157,4.205,44
3/24/20,US,1,Louisiana,22,101768,2.899,30
3/25/20,US,1,Louisiana,22,99177,3.571,37
3/26/20,US,1,Louisiana,22,100506,3.61,38
3/27/20,US,1,Louisiana,22,100424,4.15,44
3/28/20,US,1,Louisiana,22,98766,2.267,24
3/29/20,US,1,Louisiana,22,101486,1.336,14
3/30/20,US,1,Louisiana,22,102576,2.855,30
3/31/20,US,1,Louisiana,22,102281,3.074,32
4/1/20,US,1,Louisiana,22,101377,3.449,36
4/2/20,US,1,Louisiana,22,101754,3.435,36
4/3/20,US,1,Louisiana,22,101104,4.111,43
4/4/20,US,1,Louisiana,22,97435,1.982,21
4/5/20,US,1,Louisiana,22,99483,1.269,13
4/6/20,US,1,Louisiana,22,97858,3.228,34
4/7/20,US,1,Louisiana,22,99184,3.268,34
4/8/20,US,1,Louisiana,22,98299,3.689,39
4/9/20,US,1,Louisiana,22,99908,3.986,42
4/10/20,US,1,Louisiana,22,94733,3.972,42
3/1/20,US,1,Maine,23,16968,4.046,56
3/2/20,US,1,Maine,23,17581,6.941,97
3/3/20,US,1,Maine,23,18088,7.122,99
3/4/20,US,1,Maine,23,18915,6.599,92
3/5/20,US,1,Maine,23,17801,7.467,104
3/6/20,US,1,Maine,23,17476,8.242,115
3/7/20,US,1,Maine,23,17373,5.772,81
3/8/20,US,1,Maine,23,17301,4.165,58
3/9/20,US,1,Maine,23,18064,6.62,92
3/10/20,US,1,Maine,23,17931,6.72,94
3/11/20,US,1,Maine,23,17698,7.217,101
3/12/20,US,1,Maine,23,17635,7.458,104
3/13/20,US,1,Maine,23,17190,6.61,92
3/14/20,US,1,Maine,23,16688,4.51,63
3/15/20,US,1,Maine,23,16491,2.51,35
3/16/20,US,1,Maine,23,16530,4.86,68
3/17/20,US,1,Maine,23,17020,3.425,48
3/18/20,US,1,Maine,23,16756,3.05,42
3/19/20,US,1,Maine,23,16544,2.423,34
3/20/20,US,1,Maine,23,15527,3.031,42
3/21/20,US,1,Maine,23,14011,0.644,9
3/22/20,US,1,Maine,23,15471,0.134,1
3/23/20,US,1,Maine,23,16588,1.415,19
3/24/20,US,1,Maine,23,17142,0.554,7
3/25/20,US,1,Maine,23,16377,1.508,21
3/26/20,US,1,Maine,23,16688,1.544,21
3/27/20,US,1,Maine,23,17008,1.789,25
3/28/20,US,1,Maine,23,16695,0.456,6
3/29/20,US,1,Maine,23,17484,0.042,0
3/30/20,US,1,Maine,23,17415,0.089,1
3/31/20,US,1,Maine,23,17411,1.01,14
4/1/20,US,1,Maine,23,17366,1.233,17
4/2/20,US,1,Maine,23,16879,0.056,0
4/3/20,US,1,Maine,23,16842,0.124,1
4/4/20,US,1,Maine,23,16674,0.094,1
4/5/20,US,1,Maine,23,16960,0.047,0
4/6/20,US,1,Maine,23,16578,0.519,7
4/7/20,US,1,Maine,23,16621,0.705,9
4/8/20,US,1,Maine,23,16711,0.794,11
4/9/20,US,1,Maine,23,16946,0.095,1
4/10/20,US,1,Maine,23,15203,0.817,11
3/1/20,US,1,Maryland,24,102932,4.548,57
3/2/20,US,1,Maryland,24,109206,7.758,98
3/3/20,US,1,Maryland,24,112564,7.724,97
3/4/20,US,1,Maryland,24,116727,7.912,100
3/5/20,US,1,Maryland,24,110796,8.306,104
3/6/20,US,1,Maryland,24,109718,8.344,105
3/7/20,US,1,Maryland,24,109398,6.328,79
3/8/20,US,1,Maryland,24,109046,4.552,57
3/9/20,US,1,Maryland,24,113996,7.555,95
3/10/20,US,1,Maryland,24,112853,7.66,96
3/11/20,US,1,Maryland,24,112177,7.901,99
3/12/20,US,1,Maryland,24,110780,7.763,98
3/13/20,US,1,Maryland,24,107832,7.381,93
3/14/20,US,1,Maryland,24,102869,4.214,53
3/15/20,US,1,Maryland,24,101704,1.764,22
3/16/20,US,1,Maryland,24,103004,4.56,57
3/17/20,US,1,Maryland,24,107588,3.02,38
3/18/20,US,1,Maryland,24,104806,2.31,29
3/19/20,US,1,Maryland,24,104573,2.394,30
3/20/20,US,1,Maryland,24,97343,3.094,39
3/21/20,US,1,Maryland,24,86562,0.314,3
3/22/20,US,1,Maryland,24,94574,0.06,0
3/23/20,US,1,Maryland,24,102415,0.322,4
3/24/20,US,1,Maryland,24,105001,0.301,3
3/25/20,US,1,Maryland,24,100820,0.06,0
3/26/20,US,1,Maryland,24,104168,0.505,6
3/27/20,US,1,Maryland,24,104442,0.89,11
3/28/20,US,1,Maryland,24,101649,0.04,0
3/29/20,US,1,Maryland,24,105189,0.038,0
3/30/20,US,1,Maryland,24,106515,0.639,8
3/31/20,US,1,Maryland,24,105085,0.038,0
4/1/20,US,1,Maryland,24,104993,0.046,0
4/2/20,US,1,Maryland,24,103749,0.063,0
4/3/20,US,1,Maryland,24,102288,0.215,2
4/4/20,US,1,Maryland,24,99116,0.044,0
4/5/20,US,1,Maryland,24,103080,0.036,0
4/6/20,US,1,Maryland,24,99944,0.078,0
4/7/20,US,1,Maryland,24,101384,0.06,0
4/8/20,US,1,Maryland,24,101409,0.087,1
4/9/20,US,1,Maryland,24,102771,0.052,0
4/10/20,US,1,Maryland,24,95942,0.108,1
3/1/20,US,1,Massachusetts,25,85027,3.826,63
3/2/20,US,1,Massachusetts,25,88486,6.033,99
3/3/20,US,1,Massachusetts,25,91886,6.059,100
3/4/20,US,1,Massachusetts,25,96543,5.959,98
3/5/20,US,1,Massachusetts,25,91495,6.465,106
3/6/20,US,1,Massachusetts,25,91024,6.834,112
3/7/20,US,1,Massachusetts,25,89473,5.291,87
3/8/20,US,1,Massachusetts,25,89106,3.893,64
3/9/20,US,1,Massachusetts,25,92720,5.818,96
3/10/20,US,1,Massachusetts,25,92000,5.948,98
3/11/20,US,1,Massachusetts,25,90492,5.938,98
3/12/20,US,1,Massachusetts,25,91049,5.792,95
3/13/20,US,1,Massachusetts,25,86076,5.237,86
3/14/20,US,1,Massachusetts,25,82437,3.412,56
3/15/20,US,1,Massachusetts,25,80705,1.761,29
3/16/20,US,1,Massachusetts,25,81633,3.155,52
3/17/20,US,1,Massachusetts,25,85707,1.595,26
3/18/20,US,1,Massachusetts,25,82971,1.716,28
3/19/20,US,1,Massachusetts,25,82662,0.991,16
3/20/20,US,1,Massachusetts,25,75686,2.27,37
3/21/20,US,1,Massachusetts,25,66498,0.376,6
3/22/20,US,1,Massachusetts,25,73503,0.068,1
3/23/20,US,1,Massachusetts,25,80976,0.225,3
3/24/20,US,1,Massachusetts,25,83328,0.08,1
3/25/20,US,1,Massachusetts,25,79307,0.056,0
3/26/20,US,1,Massachusetts,25,82647,0.224,3
3/27/20,US,1,Massachusetts,25,82878,0.527,8
3/28/20,US,1,Massachusetts,25,80422,0.067,1
3/29/20,US,1,Massachusetts,25,82766,0.029,0
3/30/20,US,1,Massachusetts,25,83792,0.044,0
3/31/20,US,1,Massachusetts,25,84105,0.076,1
4/1/20,US,1,Massachusetts,25,84826,0.063,1
4/2/20,US,1,Massachusetts,25,81832,0.054,0
4/3/20,US,1,Massachusetts,25,80929,0.044,0
4/4/20,US,1,Massachusetts,25,79463,0.064,1
4/5/20,US,1,Massachusetts,25,83528,0.039,0
4/6/20,US,1,Massachusetts,25,79848,0.112,1
4/7/20,US,1,Massachusetts,25,80288,0.196,3
4/8/20,US,1,Massachusetts,25,80748,0.051,0
4/9/20,US,1,Massachusetts,25,81080,0.039,0
4/10/20,US,1,Massachusetts,25,76000,0.192,3
3/1/20,US,1,Michigan,26,164987,4.576,57
3/2/20,US,1,Michigan,26,172823,7.85,98
3/3/20,US,1,Michigan,26,176327,7.866,98
3/4/20,US,1,Michigan,26,181793,7.987,100
3/5/20,US,1,Michigan,26,175337,8.31,104
3/6/20,US,1,Michigan,26,171642,8.944,111
3/7/20,US,1,Michigan,26,171354,7.024,87
3/8/20,US,1,Michigan,26,171506,4.822,60
3/9/20,US,1,Michigan,26,179717,7.54,94
3/10/20,US,1,Michigan,26,177187,7.677,96
3/11/20,US,1,Michigan,26,176348,7.891,98
3/12/20,US,1,Michigan,26,175604,7.669,96
3/13/20,US,1,Michigan,26,169395,7.328,91
3/14/20,US,1,Michigan,26,164082,4.007,50
3/15/20,US,1,Michigan,26,162234,2.274,28
3/16/20,US,1,Michigan,26,163757,5.058,63
3/17/20,US,1,Michigan,26,170310,3.898,48
3/18/20,US,1,Michigan,26,165937,3.046,38
3/19/20,US,1,Michigan,26,165007,3.04,38
3/20/20,US,1,Michigan,26,153309,3.342,41
3/21/20,US,1,Michigan,26,135075,0.474,5
3/22/20,US,1,Michigan,26,152198,0.071,0
3/23/20,US,1,Michigan,26,162636,1.771,22
3/24/20,US,1,Michigan,26,166408,0.049,0
3/25/20,US,1,Michigan,26,161866,0.167,2
3/26/20,US,1,Michigan,26,164988,0.057,0
3/27/20,US,1,Michigan,26,165054,0.151,1
3/28/20,US,1,Michigan,26,164153,0.035,0
3/29/20,US,1,Michigan,26,172503,0.036,0
3/30/20,US,1,Michigan,26,169039,0.045,0
3/31/20,US,1,Michigan,26,168803,0.05,0
4/1/20,US,1,Michigan,26,168777,0.057,0
4/2/20,US,1,Michigan,26,167070,0.268,3
4/3/20,US,1,Michigan,26,164212,0.449,5
4/4/20,US,1,Michigan,26,161382,0.043,0
4/5/20,US,1,Michigan,26,165831,0.043,0
4/6/20,US,1,Michigan,26,161394,0.071,0
4/7/20,US,1,Michigan,26,168096,0.055,0
4/8/20,US,1,Michigan,26,164658,0.186,2
4/9/20,US,1,Michigan,26,162746,0.05,0
4/10/20,US,1,Michigan,26,152993,0.072,0
3/1/20,US,1,Minnesota,27,83845,4.356,58
3/2/20,US,1,Minnesota,27,86332,7.206,97
3/3/20,US,1,Minnesota,27,88305,7.267,98
3/4/20,US,1,Minnesota,27,91357,7.389,100
3/5/20,US,1,Minnesota,27,88021,7.813,105
3/6/20,US,1,Minnesota,27,85410,8.732,118
3/7/20,US,1,Minnesota,27,85842,6.44,87
3/8/20,US,1,Minnesota,27,86005,4.278,57
3/9/20,US,1,Minnesota,27,87851,6.984,94
3/10/20,US,1,Minnesota,27,86712,7.217,97
3/11/20,US,1,Minnesota,27,85826,7.476,101
3/12/20,US,1,Minnesota,27,86496,7.265,98
3/13/20,US,1,Minnesota,27,82796,7.396,100
3/14/20,US,1,Minnesota,27,80590,4.088,55
3/15/20,US,1,Minnesota,27,80576,2.264,30
3/16/20,US,1,Minnesota,27,81668,4.811,65
3/17/20,US,1,Minnesota,27,84686,3.813,51
3/18/20,US,1,Minnesota,27,82845,2.452,33
3/19/20,US,1,Minnesota,27,82150,1.982,26
3/20/20,US,1,Minnesota,27,77500,2.796,37
3/21/20,US,1,Minnesota,27,68931,0.135,1
3/22/20,US,1,Minnesota,27,76656,0.05,0
3/23/20,US,1,Minnesota,27,82638,1.414,19
3/24/20,US,1,Minnesota,27,85714,1.069,14
3/25/20,US,1,Minnesota,27,83064,1.197,16
3/26/20,US,1,Minnesota,27,85056,1.566,21
3/27/20,US,1,Minnesota,27,84301,1.819,24
3/28/20,US,1,Minnesota,27,84265,0.034,0
3/29/20,US,1,Minnesota,27,87690,0.032,0
3/30/20,US,1,Minnesota,27,87345,0.344,4
3/31/20,US,1,Minnesota,27,87618,0.524,7
4/1/20,US,1,Minnesota,27,88171,0.469,6
4/2/20,US,1,Minnesota,27,86719,0.463,6
4/3/20,US,1,Minnesota,27,83666,0.2,2
4/4/20,US,1,Minnesota,27,81927,0.077,1
4/5/20,US,1,Minnesota,27,84273,0.051,0
4/6/20,US,1,Minnesota,27,81734,0.401,5
4/7/20,US,1,Minnesota,27,83716,0.79,10
4/8/20,US,1,Minnesota,27,83010,0.494,6
4/9/20,US,1,Minnesota,27,82048,0.275,3
4/10/20,US,1,Minnesota,27,77994,1.269,17
3/1/20,US,1,Mississippi,28,71930,8.814,78
3/2/20,US,1,Mississippi,28,76373,11.147,99
3/3/20,US,1,Mississippi,28,77765,11.205,100
3/4/20,US,1,Mississippi,28,80283,10.346,92
3/5/20,US,1,Mississippi,28,77008,11.958,106
3/6/20,US,1,Mississippi,28,74195,14.276,127
3/7/20,US,1,Mississippi,28,74394,12.394,110
3/8/20,US,1,Mississippi,28,70734,9.186,81
3/9/20,US,1,Mississippi,28,72439,11.485,102
3/10/20,US,1,Mississippi,28,71925,11.489,102
3/11/20,US,1,Mississippi,28,71545,11.721,104
3/12/20,US,1,Mississippi,28,70351,12.319,109
3/13/20,US,1,Mississippi,28,69696,12.508,111
3/14/20,US,1,Mississippi,28,69353,9.604,85
3/15/20,US,1,Mississippi,28,68394,6.813,60
3/16/20,US,1,Mississippi,28,69563,9.889,88
3/17/20,US,1,Mississippi,28,72348,9.033,80
3/18/20,US,1,Mississippi,28,70256,8.42,75
3/19/20,US,1,Mississippi,28,68962,8.436,75
3/20/20,US,1,Mississippi,28,65298,8.704,77
3/21/20,US,1,Mississippi,28,56599,5.574,49
3/22/20,US,1,Mississippi,28,63110,2.673,23
3/23/20,US,1,Mississippi,28,68547,6.289,56
3/24/20,US,1,Mississippi,28,70270,5.776,51
3/25/20,US,1,Mississippi,28,68522,6.455,57
3/26/20,US,1,Mississippi,28,69706,6.772,60
3/27/20,US,1,Mississippi,28,69807,7.488,66
3/28/20,US,1,Mississippi,28,68992,4.751,42
3/29/20,US,1,Mississippi,28,70696,3.258,29
3/30/20,US,1,Mississippi,28,70653,5.548,49
3/31/20,US,1,Mississippi,28,70667,5.538,49
4/1/20,US,1,Mississippi,28,70363,6.361,56
4/2/20,US,1,Mississippi,28,70996,6.549,58
4/3/20,US,1,Mississippi,28,69999,6.58,58
4/4/20,US,1,Mississippi,28,66410,2.61,23
4/5/20,US,1,Mississippi,28,68342,1.778,15
4/6/20,US,1,Mississippi,28,67166,4.982,44
4/7/20,US,1,Mississippi,28,68262,4.61,41
4/8/20,US,1,Mississippi,28,67182,5.255,46
4/9/20,US,1,Mississippi,28,68655,5.741,51
4/10/20,US,1,Mississippi,28,66332,6.456,57
3/1/20,US,1,Missouri,29,130861,6.634,70
3/2/20,US,1,Missouri,29,136519,8.978,95
3/3/20,US,1,Missouri,29,138188,9.374,100
3/4/20,US,1,Missouri,29,141826,9.255,98
3/5/20,US,1,Missouri,29,137071,9.761,104
3/6/20,US,1,Missouri,29,134666,11.002,117
3/7/20,US,1,Missouri,29,135115,9.226,98
3/8/20,US,1,Missouri,29,134940,6.658,71
3/9/20,US,1,Missouri,29,139564,8.398,89
3/10/20,US,1,Missouri,29,138238,9.149,97
3/11/20,US,1,Missouri,29,137840,9.435,100
3/12/20,US,1,Missouri,29,136979,9.341,99
3/13/20,US,1,Missouri,29,132673,10.136,108
3/14/20,US,1,Missouri,29,128876,6.173,65
3/15/20,US,1,Missouri,29,126224,4.275,45
3/16/20,US,1,Missouri,29,126907,7.276,77
3/17/20,US,1,Missouri,29,130647,6.636,70
3/18/20,US,1,Missouri,29,128068,5.265,56
3/19/20,US,1,Missouri,29,127321,4.743,50
3/20/20,US,1,Missouri,29,119059,5.675,60
3/21/20,US,1,Missouri,29,105786,2.74,29
3/22/20,US,1,Missouri,29,118270,0.63,6
3/23/20,US,1,Missouri,29,127048,3.372,35
3/24/20,US,1,Missouri,29,130259,1.965,20
3/25/20,US,1,Missouri,29,127112,3.055,32
3/26/20,US,1,Missouri,29,130270,2.92,31
3/27/20,US,1,Missouri,29,131020,2.998,31
3/28/20,US,1,Missouri,29,130075,1.346,14
3/29/20,US,1,Missouri,29,133970,1,10
3/30/20,US,1,Missouri,29,132470,2.357,25
3/31/20,US,1,Missouri,29,132486,2.618,27
4/1/20,US,1,Missouri,29,132071,2.847,30
4/2/20,US,1,Missouri,29,130706,2.8,29
4/3/20,US,1,Missouri,29,129058,2.8,29
4/4/20,US,1,Missouri,29,125984,0.987,10
4/5/20,US,1,Missouri,29,128835,0.42,4
4/6/20,US,1,Missouri,29,126150,1.848,19
4/7/20,US,1,Missouri,29,127983,2.533,27
4/8/20,US,1,Missouri,29,128929,2.696,28
4/9/20,US,1,Missouri,29,127646,2.523,26
4/10/20,US,1,Missouri,29,121738,3.471,37
3/1/20,US,1,Montana,30,13289,2.616,62
3/2/20,US,1,Montana,30,13881,4.134,99
3/3/20,US,1,Montana,30,14045,4.116,98
3/4/20,US,1,Montana,30,14581,4.16,100
3/5/20,US,1,Montana,30,13841,4.524,108
3/6/20,US,1,Montana,30,13423,5.021,120
3/7/20,US,1,Montana,30,13731,3.859,92
3/8/20,US,1,Montana,30,13725,2.431,58
3/9/20,US,1,Montana,30,14263,3.973,95
3/10/20,US,1,Montana,30,14212,4.272,102
3/11/20,US,1,Montana,30,14360,4.37,105
3/12/20,US,1,Montana,30,13977,4.544,109
3/13/20,US,1,Montana,30,13745,4.566,109
3/14/20,US,1,Montana,30,13072,2.15,51
3/15/20,US,1,Montana,30,12834,1.147,27
3/16/20,US,1,Montana,30,13076,3.268,78
3/17/20,US,1,Montana,30,13424,2.953,70
3/18/20,US,1,Montana,30,13188,2.686,64
3/19/20,US,1,Montana,30,12865,2.544,61
3/20/20,US,1,Montana,30,12383,2.935,70
3/21/20,US,1,Montana,30,11265,1.053,25
3/22/20,US,1,Montana,30,12306,0.488,11
3/23/20,US,1,Montana,30,13123,2.092,50
3/24/20,US,1,Montana,30,13893,1.587,38
3/25/20,US,1,Montana,30,13399,1.822,43
3/26/20,US,1,Montana,30,13861,1.937,46
3/27/20,US,1,Montana,30,13639,2.227,53
3/28/20,US,1,Montana,30,13553,0.072,1
3/29/20,US,1,Montana,30,14193,0.062,1
3/30/20,US,1,Montana,30,14033,0.861,20
3/31/20,US,1,Montana,30,14314,0.738,17
4/1/20,US,1,Montana,30,14255,0.53,12
4/2/20,US,1,Montana,30,13814,0.86,20
4/3/20,US,1,Montana,30,13728,1.023,24
4/4/20,US,1,Montana,30,13496,0.364,8
4/5/20,US,1,Montana,30,13851,0.064,1
4/6/20,US,1,Montana,30,13460,0.948,22
4/7/20,US,1,Montana,30,13531,1.204,28
4/8/20,US,1,Montana,30,13545,1.293,31
4/9/20,US,1,Montana,30,13333,1.556,37
4/10/20,US,1,Montana,30,12834,1.916,46
3/1/20,US,1,Nebraska,31,38041,4.735,70
3/2/20,US,1,Nebraska,31,39679,6.313,94
3/3/20,US,1,Nebraska,31,40377,6.528,97
3/4/20,US,1,Nebraska,31,41659,6.677,100
3/5/20,US,1,Nebraska,31,40214,7.038,105
3/6/20,US,1,Nebraska,31,39227,8.114,121
3/7/20,US,1,Nebraska,31,39228,6.87,102
3/8/20,US,1,Nebraska,31,39245,4.696,70
3/9/20,US,1,Nebraska,31,40234,5.904,88
3/10/20,US,1,Nebraska,31,39866,6.368,95
3/11/20,US,1,Nebraska,31,39700,6.708,100
3/12/20,US,1,Nebraska,31,39709,6.653,99
3/13/20,US,1,Nebraska,31,38717,6.613,99
3/14/20,US,1,Nebraska,31,37292,3.373,50
3/15/20,US,1,Nebraska,31,36903,2.551,38
3/16/20,US,1,Nebraska,31,37549,4.951,74
3/17/20,US,1,Nebraska,31,38665,4.442,66
3/18/20,US,1,Nebraska,31,38309,3.843,57
3/19/20,US,1,Nebraska,31,38323,3.366,50
3/20/20,US,1,Nebraska,31,35264,3.825,57
3/21/20,US,1,Nebraska,31,31077,2.056,30
3/22/20,US,1,Nebraska,31,34876,0.93,13
3/23/20,US,1,Nebraska,31,37759,3.061,45
3/24/20,US,1,Nebraska,31,39067,3.118,46
3/25/20,US,1,Nebraska,31,38120,3.378,50
3/26/20,US,1,Nebraska,31,39049,3.068,45
3/27/20,US,1,Nebraska,31,38567,3.317,49
3/28/20,US,1,Nebraska,31,38510,1.266,18
3/29/20,US,1,Nebraska,31,40182,1.352,20
3/30/20,US,1,Nebraska,31,40097,2.674,40
3/31/20,US,1,Nebraska,31,39995,2.979,44
4/1/20,US,1,Nebraska,31,40307,3.194,47
4/2/20,US,1,Nebraska,31,39363,2.367,35
4/3/20,US,1,Nebraska,31,38457,2.422,36
4/4/20,US,1,Nebraska,31,37820,1.661,24
4/5/20,US,1,Nebraska,31,38594,0.93,13
4/6/20,US,1,Nebraska,31,37892,2.608,39
4/7/20,US,1,Nebraska,31,38188,3.147,47
4/8/20,US,1,Nebraska,31,38391,2.962,44
4/9/20,US,1,Nebraska,31,38216,2.676,40
4/10/20,US,1,Nebraska,31,36508,3.388,50
3/1/20,US,1,Nevada,32,57432,4.384,62
3/2/20,US,1,Nevada,32,56257,7.003,99
3/3/20,US,1,Nevada,32,57046,7.049,100
3/4/20,US,1,Nevada,32,57830,7.03,99
3/5/20,US,1,Nevada,32,56371,7.374,104
3/6/20,US,1,Nevada,32,56455,7.582,107
3/7/20,US,1,Nevada,32,58620,5.988,84
3/8/20,US,1,Nevada,32,58905,4.953,70
3/9/20,US,1,Nevada,32,57423,6.747,95
3/10/20,US,1,Nevada,32,54894,6.876,97
3/11/20,US,1,Nevada,32,57251,6.827,96
3/12/20,US,1,Nevada,32,55979,6.972,98
3/13/20,US,1,Nevada,32,55530,7.06,100
3/14/20,US,1,Nevada,32,54679,4.764,67
3/15/20,US,1,Nevada,32,53357,3.435,48
3/16/20,US,1,Nevada,32,49248,5.683,80
3/17/20,US,1,Nevada,32,52457,4.353,61
3/18/20,US,1,Nevada,32,51009,3.096,43
3/19/20,US,1,Nevada,32,47984,1.829,25
3/20/20,US,1,Nevada,32,45056,2.752,39
3/21/20,US,1,Nevada,32,40964,0.363,5
3/22/20,US,1,Nevada,32,46331,0.163,2
3/23/20,US,1,Nevada,32,49152,0.876,12
3/24/20,US,1,Nevada,32,50915,0.85,12
3/25/20,US,1,Nevada,32,49322,0.843,11
3/26/20,US,1,Nevada,32,50472,0.742,10
3/27/20,US,1,Nevada,32,47423,1.389,19
3/28/20,US,1,Nevada,32,49569,0.257,3
3/29/20,US,1,Nevada,32,51010,0.041,0
3/30/20,US,1,Nevada,32,51546,0.529,7
3/31/20,US,1,Nevada,32,51742,0.687,9
4/1/20,US,1,Nevada,32,51047,0.79,11
4/2/20,US,1,Nevada,32,50958,0.686,9
4/3/20,US,1,Nevada,32,50385,1.138,16
4/4/20,US,1,Nevada,32,49639,0.165,2
4/5/20,US,1,Nevada,32,51328,0.035,0
4/6/20,US,1,Nevada,32,48985,0.243,3
4/7/20,US,1,Nevada,32,49489,0.283,4
4/8/20,US,1,Nevada,32,49639,0.312,4
4/9/20,US,1,Nevada,32,48761,0.315,4
4/10/20,US,1,Nevada,32,46200,1.055,14
3/1/20,US,1,New Hampshire,33,18708,5.19,58
3/2/20,US,1,New Hampshire,33,19446,8.598,97
3/3/20,US,1,New Hampshire,33,19830,8.833,100
3/4/20,US,1,New Hampshire,33,20787,8.472,95
3/5/20,US,1,New Hampshire,33,19789,9.258,104
3/6/20,US,1,New Hampshire,33,19408,10.011,113
3/7/20,US,1,New Hampshire,33,19710,7.249,82
3/8/20,US,1,New Hampshire,33,19802,5.609,63
3/9/20,US,1,New Hampshire,33,19992,8.583,97
3/10/20,US,1,New Hampshire,33,19784,8.554,96
3/11/20,US,1,New Hampshire,33,19518,8.837,100
3/12/20,US,1,New Hampshire,33,19755,8.753,99
3/13/20,US,1,New Hampshire,33,19189,8.31,94
3/14/20,US,1,New Hampshire,33,18571,5.559,62
3/15/20,US,1,New Hampshire,33,18467,3.51,39
3/16/20,US,1,New Hampshire,33,18636,5.736,64
3/17/20,US,1,New Hampshire,33,19085,4.193,47
3/18/20,US,1,New Hampshire,33,18624,3.597,40
3/19/20,US,1,New Hampshire,33,18370,2.847,32
3/20/20,US,1,New Hampshire,33,17175,4,45
3/21/20,US,1,New Hampshire,33,15212,1.454,16
3/22/20,US,1,New Hampshire,33,17075,0.409,4
3/23/20,US,1,New Hampshire,33,18484,1.232,13
3/24/20,US,1,New Hampshire,33,18934,0.748,8
3/25/20,US,1,New Hampshire,33,18353,1.552,17
3/26/20,US,1,New Hampshire,33,18888,1.99,22
3/27/20,US,1,New Hampshire,33,18893,2.822,31
3/28/20,US,1,New Hampshire,33,18607,0.317,3
3/29/20,US,1,New Hampshire,33,19475,0.034,0
3/30/20,US,1,New Hampshire,33,19370,0.215,2
3/31/20,US,1,New Hampshire,33,19477,0.965,10
4/1/20,US,1,New Hampshire,33,19544,0.855,9
4/2/20,US,1,New Hampshire,33,18865,0.44,4
4/3/20,US,1,New Hampshire,33,18754,0.684,7
4/4/20,US,1,New Hampshire,33,18749,0.588,6
4/5/20,US,1,New Hampshire,33,19215,0.06,0
4/6/20,US,1,New Hampshire,33,18479,1.181,13
4/7/20,US,1,New Hampshire,33,18756,1.387,15
4/8/20,US,1,New Hampshire,33,18836,0.928,10
4/9/20,US,1,New Hampshire,33,18821,0.078,0
4/10/20,US,1,New Hampshire,33,17844,1.716,19
3/1/20,US,1,New Jersey,34,159560,4.296,60
3/2/20,US,1,New Jersey,34,166620,7.153,100
3/3/20,US,1,New Jersey,34,171741,7.012,98
3/4/20,US,1,New Jersey,34,177096,7.152,99
3/5/20,US,1,New Jersey,34,168758,7.442,104
3/6/20,US,1,New Jersey,34,167506,7.364,102
3/7/20,US,1,New Jersey,34,166681,5.912,82
3/8/20,US,1,New Jersey,34,167686,4.242,59
3/9/20,US,1,New Jersey,34,174319,6.718,93
3/10/20,US,1,New Jersey,34,171694,6.659,93
3/11/20,US,1,New Jersey,34,170846,6.788,94
3/12/20,US,1,New Jersey,34,170244,6.471,90
3/13/20,US,1,New Jersey,34,164460,5.892,82
3/14/20,US,1,New Jersey,34,158331,3.775,52
3/15/20,US,1,New Jersey,34,156098,1.962,27
3/16/20,US,1,New Jersey,34,156717,3.576,49
3/17/20,US,1,New Jersey,34,163082,2.004,28
3/18/20,US,1,New Jersey,34,158089,1.616,22
3/19/20,US,1,New Jersey,34,156535,1.349,18
3/20/20,US,1,New Jersey,34,140760,2.26,31
3/21/20,US,1,New Jersey,34,121298,0.36,5
3/22/20,US,1,New Jersey,34,135765,0.037,0
3/23/20,US,1,New Jersey,34,151400,0.037,0
3/24/20,US,1,New Jersey,34,157226,0.146,2
3/25/20,US,1,New Jersey,34,150862,0.045,0
3/26/20,US,1,New Jersey,34,156088,0.237,3
3/27/20,US,1,New Jersey,34,157102,0.396,5
3/28/20,US,1,New Jersey,34,151488,0.032,0
3/29/20,US,1,New Jersey,34,155453,0.03,0
3/30/20,US,1,New Jersey,34,159379,0.045,0
3/31/20,US,1,New Jersey,34,157920,0.045,0
4/1/20,US,1,New Jersey,34,158690,0.06,0
4/2/20,US,1,New Jersey,34,155046,0.063,0
4/3/20,US,1,New Jersey,34,152505,0.056,0
4/4/20,US,1,New Jersey,34,148973,0.052,0
4/5/20,US,1,New Jersey,34,155826,0.038,0
4/6/20,US,1,New Jersey,34,150165,0.085,1
4/7/20,US,1,New Jersey,34,151904,0.091,1
4/8/20,US,1,New Jersey,34,152770,0.059,0
4/9/20,US,1,New Jersey,34,152463,0.043,0
4/10/20,US,1,New Jersey,34,142565,0.051,0
3/1/20,US,1,New Mexico,35,29042,3.668,61
3/2/20,US,1,New Mexico,35,30229,5.899,99
3/3/20,US,1,New Mexico,35,30858,5.899,99
3/4/20,US,1,New Mexico,35,31679,5.943,100
3/5/20,US,1,New Mexico,35,30174,6.51,109
3/6/20,US,1,New Mexico,35,29559,6.96,117
3/7/20,US,1,New Mexico,35,30090,5.578,93
3/8/20,US,1,New Mexico,35,30869,3.518,59
3/9/20,US,1,New Mexico,35,31849,5.98,100
3/10/20,US,1,New Mexico,35,31683,6.203,104
3/11/20,US,1,New Mexico,35,32454,6.352,106
3/12/20,US,1,New Mexico,35,31408,6.384,107
3/13/20,US,1,New Mexico,35,31017,6.162,103
3/14/20,US,1,New Mexico,35,29639,4.263,71
3/15/20,US,1,New Mexico,35,29513,2.728,45
3/16/20,US,1,New Mexico,35,29553,4.579,77
3/17/20,US,1,New Mexico,35,30439,3.799,63
3/18/20,US,1,New Mexico,35,29959,3.518,59
3/19/20,US,1,New Mexico,35,28996,3.068,51
3/20/20,US,1,New Mexico,35,27670,3.594,60
3/21/20,US,1,New Mexico,35,25164,1.273,21
3/22/20,US,1,New Mexico,35,27499,0.774,13
3/23/20,US,1,New Mexico,35,28706,2.404,40
3/24/20,US,1,New Mexico,35,29570,1.334,22
3/25/20,US,1,New Mexico,35,28640,1.284,21
3/26/20,US,1,New Mexico,35,29452,1.049,17
3/27/20,US,1,New Mexico,35,29186,1.25,21
3/28/20,US,1,New Mexico,35,28911,0.332,5
3/29/20,US,1,New Mexico,35,30427,0.101,1
3/30/20,US,1,New Mexico,35,29699,0.836,14
3/31/20,US,1,New Mexico,35,29775,1.233,20
4/1/20,US,1,New Mexico,35,29874,1.19,20
4/2/20,US,1,New Mexico,35,29300,1.293,21
4/3/20,US,1,New Mexico,35,28952,1.707,28
4/4/20,US,1,New Mexico,35,28213,0.55,9
4/5/20,US,1,New Mexico,35,29045,0.099,1
4/6/20,US,1,New Mexico,35,27929,0.985,16
4/7/20,US,1,New Mexico,35,28334,1.076,18
4/8/20,US,1,New Mexico,35,28450,1.09,18
4/9/20,US,1,New Mexico,35,28457,1.035,17
4/10/20,US,1,New Mexico,35,26913,1.435,24
3/1/20,US,1,New York,36,261993,2.673,51
3/2/20,US,1,New York,36,274423,5.176,100
3/3/20,US,1,New York,36,283364,5.085,98
3/4/20,US,1,New York,36,294023,5.144,99
3/5/20,US,1,New York,36,277703,5.479,105
3/6/20,US,1,New York,36,276221,5.52,106
3/7/20,US,1,New York,36,274997,3.988,77
3/8/20,US,1,New York,36,279308,2.541,49
3/9/20,US,1,New York,36,288253,4.905,94
3/10/20,US,1,New York,36,283574,4.849,93
3/11/20,US,1,New York,36,281885,4.918,95
3/12/20,US,1,New York,36,280496,4.751,91
3/13/20,US,1,New York,36,270613,4.475,86
3/14/20,US,1,New York,36,257039,2.473,47
3/15/20,US,1,New York,36,254719,1.116,21
3/16/20,US,1,New York,36,256554,2.633,50
3/17/20,US,1,New York,36,269178,1.482,28
3/18/20,US,1,New York,36,260575,1.225,23
3/19/20,US,1,New York,36,259091,0.835,16
3/20/20,US,1,New York,36,235704,1.159,22
3/21/20,US,1,New York,36,209402,0.056,1
3/22/20,US,1,New York,36,229538,0.035,0
3/23/20,US,1,New York,36,248617,0.031,0
3/24/20,US,1,New York,36,256436,0.045,0
3/25/20,US,1,New York,36,246499,0.039,0
3/26/20,US,1,New York,36,256513,0.049,0
3/27/20,US,1,New York,36,258631,0.059,1
3/28/20,US,1,New York,36,248072,0.028,0
3/29/20,US,1,New York,36,256900,0.025,0
3/30/20,US,1,New York,36,261067,0.033,0
3/31/20,US,1,New York,36,258983,0.035,0
4/1/20,US,1,New York,36,259262,0.039,0
4/2/20,US,1,New York,36,253867,0.039,0
4/3/20,US,1,New York,36,246673,0.035,0
4/4/20,US,1,New York,36,240592,0.036,0
4/5/20,US,1,New York,36,255897,0.029,0
4/6/20,US,1,New York,36,242006,0.04,0
4/7/20,US,1,New York,36,246829,0.042,0
4/8/20,US,1,New York,36,246764,0.036,0
4/9/20,US,1,New York,36,247737,0.031,0
4/10/20,US,1,New York,36,233163,0.034,0
3/1/20,US,1,North Carolina,37,204000,7.162,73
3/2/20,US,1,North Carolina,37,216349,9.776,100
3/3/20,US,1,North Carolina,37,220981,9.38,96
3/4/20,US,1,North Carolina,37,228175,9.629,98
3/5/20,US,1,North Carolina,37,218005,9.749,100
3/6/20,US,1,North Carolina,37,214501,11.052,113
3/7/20,US,1,North Carolina,37,213504,9.091,93
3/8/20,US,1,North Carolina,37,209759,7.033,72
3/9/20,US,1,North Carolina,37,219709,9.618,98
3/10/20,US,1,North Carolina,37,218768,9.732,99
3/11/20,US,1,North Carolina,37,216092,9.934,101
3/12/20,US,1,North Carolina,37,215320,9.938,101
3/13/20,US,1,North Carolina,37,211163,9.995,102
3/14/20,US,1,North Carolina,37,203237,7.202,73
3/15/20,US,1,North Carolina,37,199675,4.462,45
3/16/20,US,1,North Carolina,37,203191,7.707,79
3/17/20,US,1,North Carolina,37,210164,6.637,68
3/18/20,US,1,North Carolina,37,205590,5.9,60
3/19/20,US,1,North Carolina,37,204422,6.228,63
3/20/20,US,1,North Carolina,37,193013,6.929,71
3/21/20,US,1,North Carolina,37,170194,3.624,37
3/22/20,US,1,North Carolina,37,185482,1.45,14
3/23/20,US,1,North Carolina,37,201386,3.944,40
3/24/20,US,1,North Carolina,37,206307,4.117,42
3/25/20,US,1,North Carolina,37,200295,4.581,46
3/26/20,US,1,North Carolina,37,203359,3.927,40
3/27/20,US,1,North Carolina,37,202861,4.481,45
3/28/20,US,1,North Carolina,37,198434,2.317,23
3/29/20,US,1,North Carolina,37,208703,1.039,10
3/30/20,US,1,North Carolina,37,206641,3.086,31
3/31/20,US,1,North Carolina,37,205733,1.944,19
4/1/20,US,1,North Carolina,37,205521,2.289,23
4/2/20,US,1,North Carolina,37,203979,2.975,30
4/3/20,US,1,North Carolina,37,202538,3.775,38
4/4/20,US,1,North Carolina,37,195615,1.949,19
4/5/20,US,1,North Carolina,37,200534,0.558,5
4/6/20,US,1,North Carolina,37,198862,2.755,28
4/7/20,US,1,North Carolina,37,201317,2.926,30
4/8/20,US,1,North Carolina,37,201350,3.156,32
4/9/20,US,1,North Carolina,37,202873,3.329,34
4/10/20,US,1,North Carolina,37,192312,3.414,35
3/1/20,US,1,North Dakota,38,11242,2.608,60
3/2/20,US,1,North Dakota,38,11909,4.128,96
3/3/20,US,1,North Dakota,38,12211,4.146,96
3/4/20,US,1,North Dakota,38,12660,4.277,100
3/5/20,US,1,North Dakota,38,12192,4.376,102
3/6/20,US,1,North Dakota,38,11782,4.974,116
3/7/20,US,1,North Dakota,38,11665,3.919,91
3/8/20,US,1,North Dakota,38,11561,2.684,62
3/9/20,US,1,North Dakota,38,12239,4.117,96
3/10/20,US,1,North Dakota,38,12247,4.268,99
3/11/20,US,1,North Dakota,38,12057,4.429,103
3/12/20,US,1,North Dakota,38,12236,4.556,106
3/13/20,US,1,North Dakota,38,11540,4.853,113
3/14/20,US,1,North Dakota,38,11038,3.256,76
3/15/20,US,1,North Dakota,38,10667,1.683,39
3/16/20,US,1,North Dakota,38,10999,3.632,84
3/17/20,US,1,North Dakota,38,11453,3.468,81
3/18/20,US,1,North Dakota,38,11353,2.986,69
3/19/20,US,1,North Dakota,38,11052,2.67,62
3/20/20,US,1,North Dakota,38,10468,2.986,69
3/21/20,US,1,North Dakota,38,8928,0.532,12
3/22/20,US,1,North Dakota,38,10134,0.271,6
3/23/20,US,1,North Dakota,38,11260,2.436,56
3/24/20,US,1,North Dakota,38,11833,2.328,54
3/25/20,US,1,North Dakota,38,11354,2.278,53
3/26/20,US,1,North Dakota,38,11642,2.318,54
3/27/20,US,1,North Dakota,38,11542,2.604,60
3/28/20,US,1,North Dakota,38,11483,0.86,20
3/29/20,US,1,North Dakota,38,11982,0.304,7
3/30/20,US,1,North Dakota,38,12171,1.811,42
3/31/20,US,1,North Dakota,38,12277,1.859,43
4/1/20,US,1,North Dakota,38,12228,1.334,31
4/2/20,US,1,North Dakota,38,11801,0.684,15
4/3/20,US,1,North Dakota,38,11504,1.298,30
4/4/20,US,1,North Dakota,38,11361,0.165,3
4/5/20,US,1,North Dakota,38,11575,0.05,1
4/6/20,US,1,North Dakota,38,11282,1.626,38
4/7/20,US,1,North Dakota,38,11372,1.935,45
4/8/20,US,1,North Dakota,38,11468,1.622,37
4/9/20,US,1,North Dakota,38,11335,1.86,43
4/10/20,US,1,North Dakota,38,10692,2.33,54
3/1/20,US,1,Ohio,39,211087,5.02,63
3/2/20,US,1,Ohio,39,222186,7.605,95
3/3/20,US,1,Ohio,39,228081,7.798,98
3/4/20,US,1,Ohio,39,234502,7.944,100
3/5/20,US,1,Ohio,39,224845,8.359,105
3/6/20,US,1,Ohio,39,220704,9.036,113
3/7/20,US,1,Ohio,39,219133,7.455,93
3/8/20,US,1,Ohio,39,217308,5.291,66
3/9/20,US,1,Ohio,39,227478,7.606,95
3/10/20,US,1,Ohio,39,225326,7.731,97
3/11/20,US,1,Ohio,39,223700,7.818,98
3/12/20,US,1,Ohio,39,222827,7.817,98
3/13/20,US,1,Ohio,39,215845,7.748,97
3/14/20,US,1,Ohio,39,207756,4.398,55
3/15/20,US,1,Ohio,39,204654,2.8,35
3/16/20,US,1,Ohio,39,207849,5.546,69
3/17/20,US,1,Ohio,39,215506,4.351,54
3/18/20,US,1,Ohio,39,210830,3.434,43
3/19/20,US,1,Ohio,39,210079,3.513,44
3/20/20,US,1,Ohio,39,195856,3.996,50
3/21/20,US,1,Ohio,39,168799,0.96,12
3/22/20,US,1,Ohio,39,193610,0.609,7
3/23/20,US,1,Ohio,39,207270,2.314,29
3/24/20,US,1,Ohio,39,212006,0.402,5
3/25/20,US,1,Ohio,39,206740,1.457,18
3/26/20,US,1,Ohio,39,211276,1.596,20
3/27/20,US,1,Ohio,39,210783,1.414,17
3/28/20,US,1,Ohio,39,213381,0.129,1
3/29/20,US,1,Ohio,39,221932,0.135,1
3/30/20,US,1,Ohio,39,215994,0.73,9
3/31/20,US,1,Ohio,39,216157,0.883,11
4/1/20,US,1,Ohio,39,215992,1.03,12
4/2/20,US,1,Ohio,39,212920,1.733,21
4/3/20,US,1,Ohio,39,210448,2.316,29
4/4/20,US,1,Ohio,39,206147,1.136,14
4/5/20,US,1,Ohio,39,210201,0.055,0
4/6/20,US,1,Ohio,39,207072,1.499,18
4/7/20,US,1,Ohio,39,215428,1.229,15
4/8/20,US,1,Ohio,39,216597,1.612,20
4/9/20,US,1,Ohio,39,210851,1.294,16
4/10/20,US,1,Ohio,39,198499,1.892,23
3/1/20,US,1,Oklahoma,40,93503,7.175,74
3/2/20,US,1,Oklahoma,40,98812,9.425,98
3/3/20,US,1,Oklahoma,40,99965,9.581,100
3/4/20,US,1,Oklahoma,40,102040,9.273,96
3/5/20,US,1,Oklahoma,40,99489,10.223,106
3/6/20,US,1,Oklahoma,40,97696,11.686,121
3/7/20,US,1,Oklahoma,40,97895,10.058,104
3/8/20,US,1,Oklahoma,40,97212,6.575,68
3/9/20,US,1,Oklahoma,40,101503,8.934,93
3/10/20,US,1,Oklahoma,40,101016,9.516,99
3/11/20,US,1,Oklahoma,40,100660,9.535,99
3/12/20,US,1,Oklahoma,40,99432,10.193,106
3/13/20,US,1,Oklahoma,40,96550,10.423,108
3/14/20,US,1,Oklahoma,40,92777,7.083,73
3/15/20,US,1,Oklahoma,40,89038,5.05,52
3/16/20,US,1,Oklahoma,40,89589,7.951,82
3/17/20,US,1,Oklahoma,40,91639,6.712,70
3/18/20,US,1,Oklahoma,40,91634,5.994,62
3/19/20,US,1,Oklahoma,40,90501,5.557,58
3/20/20,US,1,Oklahoma,40,84371,6.394,66
3/21/20,US,1,Oklahoma,40,73797,3.508,36
3/22/20,US,1,Oklahoma,40,84247,1.574,16
3/23/20,US,1,Oklahoma,40,91642,4.656,48
3/24/20,US,1,Oklahoma,40,94098,4.802,50
3/25/20,US,1,Oklahoma,40,91635,5.159,53
3/26/20,US,1,Oklahoma,40,93371,4.609,48
3/27/20,US,1,Oklahoma,40,93242,4.671,48
3/28/20,US,1,Oklahoma,40,92351,2.776,28
3/29/20,US,1,Oklahoma,40,95167,1.755,18
3/30/20,US,1,Oklahoma,40,94825,2.881,30
3/31/20,US,1,Oklahoma,40,94555,3.816,39
4/1/20,US,1,Oklahoma,40,94483,4.013,41
4/2/20,US,1,Oklahoma,40,94099,3.922,40
4/3/20,US,1,Oklahoma,40,92076,3.455,36
4/4/20,US,1,Oklahoma,40,89803,1.616,16
4/5/20,US,1,Oklahoma,40,91687,0.959,10
4/6/20,US,1,Oklahoma,40,90654,3.501,36
4/7/20,US,1,Oklahoma,40,91670,3.976,41
4/8/20,US,1,Oklahoma,40,91819,4.277,44
4/9/20,US,1,Oklahoma,40,91421,4.058,42
4/10/20,US,1,Oklahoma,40,87493,4.918,51
3/1/20,US,1,Oregon,41,58973,2.947,57
3/2/20,US,1,Oregon,41,61160,4.878,94
3/3/20,US,1,Oregon,41,62437,5.05,97
3/4/20,US,1,Oregon,41,63952,5.159,100
3/5/20,US,1,Oregon,41,61461,5.532,107
3/6/20,US,1,Oregon,41,60498,5.632,109
3/7/20,US,1,Oregon,41,61082,4.053,78
3/8/20,US,1,Oregon,41,61395,3.005,58
3/9/20,US,1,Oregon,41,62705,4.938,95
3/10/20,US,1,Oregon,41,61768,5.27,102
3/11/20,US,1,Oregon,41,62475,5.224,101
3/12/20,US,1,Oregon,41,60847,5.195,100
3/13/20,US,1,Oregon,41,59875,5.013,97
3/14/20,US,1,Oregon,41,57982,2.077,40
3/15/20,US,1,Oregon,41,57070,1.489,28
3/16/20,US,1,Oregon,41,57194,3.529,68
3/17/20,US,1,Oregon,41,59562,2.922,56
3/18/20,US,1,Oregon,41,57848,2.699,52
3/19/20,US,1,Oregon,41,55659,2.438,47
3/20/20,US,1,Oregon,41,54187,2.981,57
3/21/20,US,1,Oregon,41,48580,0.768,14
3/22/20,US,1,Oregon,41,53892,0.344,6
3/23/20,US,1,Oregon,41,56657,1.087,21
3/24/20,US,1,Oregon,41,58739,0.336,6
3/25/20,US,1,Oregon,41,56547,0.673,13
3/26/20,US,1,Oregon,41,58196,0.526,10
3/27/20,US,1,Oregon,41,57480,0.563,10
3/28/20,US,1,Oregon,41,57695,0.043,0
3/29/20,US,1,Oregon,41,59425,0.035,0
3/30/20,US,1,Oregon,41,59652,0.128,2
3/31/20,US,1,Oregon,41,60206,0.513,9
4/1/20,US,1,Oregon,41,59434,0.512,9
4/2/20,US,1,Oregon,41,58771,0.66,12
4/3/20,US,1,Oregon,41,57913,0.983,19
4/4/20,US,1,Oregon,41,56765,0.062,1
4/5/20,US,1,Oregon,41,58887,0.043,0
4/6/20,US,1,Oregon,41,56233,0.521,10
4/7/20,US,1,Oregon,41,57395,0.794,15
4/8/20,US,1,Oregon,41,57510,0.936,18
4/9/20,US,1,Oregon,41,56427,0.914,17
4/10/20,US,1,Oregon,41,53244,1.529,29
3/1/20,US,1,Pennsylvania,42,193778,3.956,62
3/2/20,US,1,Pennsylvania,42,202216,6.267,99
3/3/20,US,1,Pennsylvania,42,208036,6.153,97
3/4/20,US,1,Pennsylvania,42,215711,6.312,99
3/5/20,US,1,Pennsylvania,42,205016,6.705,106
3/6/20,US,1,Pennsylvania,42,201564,7.181,113
3/7/20,US,1,Pennsylvania,42,199874,5.676,89
3/8/20,US,1,Pennsylvania,42,199687,4.114,65
3/9/20,US,1,Pennsylvania,42,208611,6.2,98
3/10/20,US,1,Pennsylvania,42,206274,6.245,98
3/11/20,US,1,Pennsylvania,42,204090,6.462,102
3/12/20,US,1,Pennsylvania,42,202831,6.404,101
3/13/20,US,1,Pennsylvania,42,196719,6.127,97
3/14/20,US,1,Pennsylvania,42,189144,3.691,58
3/15/20,US,1,Pennsylvania,42,186970,1.994,31
3/16/20,US,1,Pennsylvania,42,189312,3.994,63
3/17/20,US,1,Pennsylvania,42,197459,2.445,38
3/18/20,US,1,Pennsylvania,42,192672,2.008,31
3/19/20,US,1,Pennsylvania,42,191888,1.978,31
3/20/20,US,1,Pennsylvania,42,177001,2.364,37
3/21/20,US,1,Pennsylvania,42,153331,0.136,2
3/22/20,US,1,Pennsylvania,42,172507,0.063,0
3/23/20,US,1,Pennsylvania,42,186931,0.061,0
3/24/20,US,1,Pennsylvania,42,193262,0.226,3
3/25/20,US,1,Pennsylvania,42,186090,0.09,1
3/26/20,US,1,Pennsylvania,42,192157,0.519,8
3/27/20,US,1,Pennsylvania,42,192892,0.784,12
3/28/20,US,1,Pennsylvania,42,190038,0.034,0
3/29/20,US,1,Pennsylvania,42,198304,0.038,0
3/30/20,US,1,Pennsylvania,42,198013,0.078,1
3/31/20,US,1,Pennsylvania,42,196682,0.071,1
4/1/20,US,1,Pennsylvania,42,197172,0.143,2
4/2/20,US,1,Pennsylvania,42,192205,0.246,3
4/3/20,US,1,Pennsylvania,42,190655,0.414,6
4/4/20,US,1,Pennsylvania,42,185311,0.062,0
4/5/20,US,1,Pennsylvania,42,191832,0.044,0
4/6/20,US,1,Pennsylvania,42,186443,0.251,3
4/7/20,US,1,Pennsylvania,42,189953,0.196,3
4/8/20,US,1,Pennsylvania,42,191943,0.247,3
4/9/20,US,1,Pennsylvania,42,191989,0.071,1
4/10/20,US,1,Pennsylvania,42,178631,0.169,2
3/1/20,US,1,Rhode Island,44,14458,4.217,69
3/2/20,US,1,Rhode Island,44,14770,6.068,99
3/3/20,US,1,Rhode Island,44,15270,5.912,96
3/4/20,US,1,Rhode Island,44,15881,6.101,100
3/5/20,US,1,Rhode Island,44,15135,6.438,105
3/6/20,US,1,Rhode Island,44,14750,6.992,114
3/7/20,US,1,Rhode Island,44,14733,5.344,87
3/8/20,US,1,Rhode Island,44,14654,3.88,63
3/9/20,US,1,Rhode Island,44,15189,5.864,96
3/10/20,US,1,Rhode Island,44,14907,5.912,96
3/11/20,US,1,Rhode Island,44,14895,5.915,96
3/12/20,US,1,Rhode Island,44,14825,6.078,99
3/13/20,US,1,Rhode Island,44,14145,5.701,93
3/14/20,US,1,Rhode Island,44,13717,3.607,59
3/15/20,US,1,Rhode Island,44,13519,2.061,33
3/16/20,US,1,Rhode Island,44,13640,3.592,58
3/17/20,US,1,Rhode Island,44,14139,2.18,35
3/18/20,US,1,Rhode Island,44,13853,2.323,38
3/19/20,US,1,Rhode Island,44,13795,1.714,28
3/20/20,US,1,Rhode Island,44,12727,2.852,46
3/21/20,US,1,Rhode Island,44,11336,0.804,13
3/22/20,US,1,Rhode Island,44,12366,0.16,2
3/23/20,US,1,Rhode Island,44,13518,0.458,7
3/24/20,US,1,Rhode Island,44,13878,0.734,12
3/25/20,US,1,Rhode Island,44,13253,0.521,8
3/26/20,US,1,Rhode Island,44,13726,0.97,15
3/27/20,US,1,Rhode Island,44,13898,1.487,24
3/28/20,US,1,Rhode Island,44,13467,0.314,5
3/29/20,US,1,Rhode Island,44,13941,0.033,0
3/30/20,US,1,Rhode Island,44,14040,0.068,1
3/31/20,US,1,Rhode Island,44,14014,0.361,5
4/1/20,US,1,Rhode Island,44,14330,0.222,3
4/2/20,US,1,Rhode Island,44,13957,0.346,5
4/3/20,US,1,Rhode Island,44,13664,0.166,2
4/4/20,US,1,Rhode Island,44,13823,0.227,3
4/5/20,US,1,Rhode Island,44,14060,0.045,0
4/6/20,US,1,Rhode Island,44,13351,0.393,6
4/7/20,US,1,Rhode Island,44,13404,0.455,7
4/8/20,US,1,Rhode Island,44,13514,0.08,1
4/9/20,US,1,Rhode Island,44,13643,0.053,0
4/10/20,US,1,Rhode Island,44,12919,0.831,13
3/1/20,US,1,South Carolina,45,113437,7.401,77
3/2/20,US,1,South Carolina,45,119813,9.876,103
3/3/20,US,1,South Carolina,45,121973,9.487,99
3/4/20,US,1,South Carolina,45,125629,9.559,100
3/5/20,US,1,South Carolina,45,120937,9.531,99
3/6/20,US,1,South Carolina,45,118801,11.404,119
3/7/20,US,1,South Carolina,45,119246,9.738,101
3/8/20,US,1,South Carolina,45,117182,7.388,77
3/9/20,US,1,South Carolina,45,122252,9.698,101
3/10/20,US,1,South Carolina,45,120980,9.974,104
3/11/20,US,1,South Carolina,45,120739,10.117,105
3/12/20,US,1,South Carolina,45,119468,10.464,109
3/13/20,US,1,South Carolina,45,117416,10.886,113
3/14/20,US,1,South Carolina,45,113411,8.427,88
3/15/20,US,1,South Carolina,45,111742,6.017,62
3/16/20,US,1,South Carolina,45,112414,8.384,87
3/17/20,US,1,South Carolina,45,116372,7.487,78
3/18/20,US,1,South Carolina,45,113403,6.545,68
3/19/20,US,1,South Carolina,45,112442,7.044,73
3/20/20,US,1,South Carolina,45,106525,7.66,80
3/21/20,US,1,South Carolina,45,94784,4.694,49
3/22/20,US,1,South Carolina,45,102066,1.915,20
3/23/20,US,1,South Carolina,45,110004,4.695,49
3/24/20,US,1,South Carolina,45,112587,4.229,44
3/25/20,US,1,South Carolina,45,110282,5.19,54
3/26/20,US,1,South Carolina,45,111738,5.072,53
3/27/20,US,1,South Carolina,45,111383,5.748,60
3/28/20,US,1,South Carolina,45,109567,3.811,39
3/29/20,US,1,South Carolina,45,113939,1.993,20
3/30/20,US,1,South Carolina,45,112846,4.386,45
3/31/20,US,1,South Carolina,45,112916,3.964,41
4/1/20,US,1,South Carolina,45,112348,4.288,44
4/2/20,US,1,South Carolina,45,111854,4.403,46
4/3/20,US,1,South Carolina,45,111349,5.047,52
4/4/20,US,1,South Carolina,45,107248,3.073,32
4/5/20,US,1,South Carolina,45,109559,1.253,13
4/6/20,US,1,South Carolina,45,108579,4.043,42
4/7/20,US,1,South Carolina,45,110082,3.857,40
4/8/20,US,1,South Carolina,45,108365,3.298,34
4/9/20,US,1,South Carolina,45,110024,3.769,39
4/10/20,US,1,South Carolina,45,105250,4.365,45
3/1/20,US,1,South Dakota,46,13088,3.622,70
3/2/20,US,1,South Dakota,46,13689,5.104,100
3/3/20,US,1,South Dakota,46,14039,5.187,101
3/4/20,US,1,South Dakota,46,14642,4.889,95
3/5/20,US,1,South Dakota,46,14006,5.06,99
3/6/20,US,1,South Dakota,46,13706,6.579,128
3/7/20,US,1,South Dakota,46,13780,5.716,111
3/8/20,US,1,South Dakota,46,13497,3.777,74
3/9/20,US,1,South Dakota,46,13981,5.056,99
3/10/20,US,1,South Dakota,46,13819,5.236,102
3/11/20,US,1,South Dakota,46,13732,5.342,104
3/12/20,US,1,South Dakota,46,13787,5.255,102
3/13/20,US,1,South Dakota,46,13450,5.428,106
3/14/20,US,1,South Dakota,46,12864,2.441,47
3/15/20,US,1,South Dakota,46,12746,1.872,36
3/16/20,US,1,South Dakota,46,13019,3.943,77
3/17/20,US,1,South Dakota,46,13495,3.925,76
3/18/20,US,1,South Dakota,46,13334,3.67,71
3/19/20,US,1,South Dakota,46,13245,2.952,57
3/20/20,US,1,South Dakota,46,12480,3.56,69
3/21/20,US,1,South Dakota,46,10975,1.915,37
3/22/20,US,1,South Dakota,46,12283,0.943,18
3/23/20,US,1,South Dakota,46,13252,3.057,59
3/24/20,US,1,South Dakota,46,13900,2.938,57
3/25/20,US,1,South Dakota,46,13281,2.473,48
3/26/20,US,1,South Dakota,46,13694,2.512,49
3/27/20,US,1,South Dakota,46,13638,2.948,57
3/28/20,US,1,South Dakota,46,13651,0.696,13
3/29/20,US,1,South Dakota,46,14359,0.803,15
3/30/20,US,1,South Dakota,46,14152,2.414,47
3/31/20,US,1,South Dakota,46,14222,2.502,49
4/1/20,US,1,South Dakota,46,14429,2.462,48
4/2/20,US,1,South Dakota,46,13786,1.125,22
4/3/20,US,1,South Dakota,46,13523,2.1,41
4/4/20,US,1,South Dakota,46,13334,1.019,19
4/5/20,US,1,South Dakota,46,13669,0.463,9
4/6/20,US,1,South Dakota,46,13262,2.544,49
4/7/20,US,1,South Dakota,46,13452,2.713,53
4/8/20,US,1,South Dakota,46,13400,2.207,43
4/9/20,US,1,South Dakota,46,13328,2.139,41
4/10/20,US,1,South Dakota,46,12854,3.02,59
3/1/20,US,1,Tennessee,47,149775,7.93,77
3/2/20,US,1,Tennessee,47,155287,9.882,96
3/3/20,US,1,Tennessee,47,158096,9.428,92
3/4/20,US,1,Tennessee,47,160141,10.233,100
3/5/20,US,1,Tennessee,47,155569,10.769,105
3/6/20,US,1,Tennessee,47,153310,11.743,114
3/7/20,US,1,Tennessee,47,155290,10.103,98
3/8/20,US,1,Tennessee,47,153627,8.184,79
3/9/20,US,1,Tennessee,47,157065,10.077,98
3/10/20,US,1,Tennessee,47,156081,9.923,96
3/11/20,US,1,Tennessee,47,155892,10.231,99
3/12/20,US,1,Tennessee,47,154529,10.225,99
3/13/20,US,1,Tennessee,47,150809,10.702,104
3/14/20,US,1,Tennessee,47,146106,7.632,74
3/15/20,US,1,Tennessee,47,141527,5.539,54
3/16/20,US,1,Tennessee,47,141440,8.322,81
3/17/20,US,1,Tennessee,47,145504,7.281,71
3/18/20,US,1,Tennessee,47,142290,6.672,65
3/19/20,US,1,Tennessee,47,140702,7.108,69
3/20/20,US,1,Tennessee,47,131779,6.925,67
3/21/20,US,1,Tennessee,47,114885,4.135,40
3/22/20,US,1,Tennessee,47,131420,2.137,20
3/23/20,US,1,Tennessee,47,141585,4.4,42
3/24/20,US,1,Tennessee,47,144894,3.346,32
3/25/20,US,1,Tennessee,47,140521,4.558,44
3/26/20,US,1,Tennessee,47,143831,5.003,48
3/27/20,US,1,Tennessee,47,143617,5.467,53
3/28/20,US,1,Tennessee,47,143493,3.465,33
3/29/20,US,1,Tennessee,47,149052,2.143,20
3/30/20,US,1,Tennessee,47,146371,3.973,38
3/31/20,US,1,Tennessee,47,145668,2.967,28
4/1/20,US,1,Tennessee,47,145456,3.831,37
4/2/20,US,1,Tennessee,47,144614,4.223,41
4/3/20,US,1,Tennessee,47,142823,4.227,41
4/4/20,US,1,Tennessee,47,138728,2.393,23
4/5/20,US,1,Tennessee,47,141550,1.113,10
4/6/20,US,1,Tennessee,47,139329,3.543,34
4/7/20,US,1,Tennessee,47,141539,3.464,33
4/8/20,US,1,Tennessee,47,144340,3.545,34
4/9/20,US,1,Tennessee,47,142312,3.973,38
4/10/20,US,1,Tennessee,47,134763,4.589,44
3/1/20,US,1,Texas,48,633045,6.619,72
3/2/20,US,1,Texas,48,666618,9.071,100
3/3/20,US,1,Texas,48,677068,9.062,99
3/4/20,US,1,Texas,48,693767,8.571,94
3/5/20,US,1,Texas,48,665192,9.828,108
3/6/20,US,1,Texas,48,656467,10.972,120
3/7/20,US,1,Texas,48,649898,9.312,102
3/8/20,US,1,Texas,48,636251,6.61,72
3/9/20,US,1,Texas,48,653822,8.791,96
3/10/20,US,1,Texas,48,648120,9.338,102
3/11/20,US,1,Texas,48,647044,9.484,104
3/12/20,US,1,Texas,48,639062,9.59,105
3/13/20,US,1,Texas,48,628561,9.095,100
3/14/20,US,1,Texas,48,616714,6.313,69
3/15/20,US,1,Texas,48,604079,4.209,46
3/16/20,US,1,Texas,48,617656,6.809,75
3/17/20,US,1,Texas,48,637696,5.889,64
3/18/20,US,1,Texas,48,625339,5.158,56
3/19/20,US,1,Texas,48,612748,5.065,55
3/20/20,US,1,Texas,48,566954,5.386,59
3/21/20,US,1,Texas,48,490871,2.46,27
3/22/20,US,1,Texas,48,560189,1.133,12
3/23/20,US,1,Texas,48,612352,3.697,40
3/24/20,US,1,Texas,48,624525,3.425,37
3/25/20,US,1,Texas,48,602010,2.604,28
3/26/20,US,1,Texas,48,614886,2.519,27
3/27/20,US,1,Texas,48,611293,2.919,32
3/28/20,US,1,Texas,48,603336,1.195,13
3/29/20,US,1,Texas,48,619493,0.526,5
3/30/20,US,1,Texas,48,625524,1.589,17
3/31/20,US,1,Texas,48,622766,2.286,25
4/1/20,US,1,Texas,48,618890,2.398,26
4/2/20,US,1,Texas,48,615063,2.213,24
4/3/20,US,1,Texas,48,606749,2.449,26
4/4/20,US,1,Texas,48,585905,0.458,5
4/5/20,US,1,Texas,48,597909,0.16,1
4/6/20,US,1,Texas,48,590796,1.837,20
4/7/20,US,1,Texas,48,598631,2.188,24
4/8/20,US,1,Texas,48,596876,2.326,25
4/9/20,US,1,Texas,48,599228,2.272,25
4/10/20,US,1,Texas,48,567098,2.924,32
3/1/20,US,1,Utah,49,47459,1.686,23
3/2/20,US,1,Utah,49,49710,6.882,97
3/3/20,US,1,Utah,49,50828,7.03,99
3/4/20,US,1,Utah,49,52248,7.068,100
3/5/20,US,1,Utah,49,50456,7.444,105
3/6/20,US,1,Utah,49,49374,8.079,114
3/7/20,US,1,Utah,49,49988,6.102,86
3/8/20,US,1,Utah,49,49802,2.415,34
3/9/20,US,1,Utah,49,51867,6.736,95
3/10/20,US,1,Utah,49,51350,6.89,97
3/11/20,US,1,Utah,49,50980,7.132,100
3/12/20,US,1,Utah,49,50649,7.276,102
3/13/20,US,1,Utah,49,49122,6.926,97
3/14/20,US,1,Utah,49,47931,4.31,60
3/15/20,US,1,Utah,49,46685,1.585,22
3/16/20,US,1,Utah,49,47658,5.543,78
3/17/20,US,1,Utah,49,48855,4.731,66
3/18/20,US,1,Utah,49,52269,2.498,35
3/19/20,US,1,Utah,49,52411,3.047,43
3/20/20,US,1,Utah,49,49618,3.346,47
3/21/20,US,1,Utah,49,46137,1.501,21
3/22/20,US,1,Utah,49,49908,0.083,1
3/23/20,US,1,Utah,49,54762,2.545,36
3/24/20,US,1,Utah,49,56807,2.308,32
3/25/20,US,1,Utah,49,54337,2.114,29
3/26/20,US,1,Utah,49,56617,2.034,28
3/27/20,US,1,Utah,49,55136,2.317,32
3/28/20,US,1,Utah,49,53926,0.426,6
3/29/20,US,1,Utah,49,53438,0.037,0
3/30/20,US,1,Utah,49,54677,1.369,19
3/31/20,US,1,Utah,49,55508,1.688,23
4/1/20,US,1,Utah,49,56411,1.477,20
4/2/20,US,1,Utah,49,54494,1.44,20
4/3/20,US,1,Utah,49,53452,2.005,28
4/4/20,US,1,Utah,49,51700,0.595,8
4/5/20,US,1,Utah,49,52219,0.036,0
4/6/20,US,1,Utah,49,50685,1.238,17
4/7/20,US,1,Utah,49,51177,1.723,24
4/8/20,US,1,Utah,49,51508,1.859,26
4/9/20,US,1,Utah,49,50161,1.701,24
4/10/20,US,1,Utah,49,47221,2.626,37
3/1/20,US,1,Vermont,50,6739,4.861,82
3/2/20,US,1,Vermont,50,6348,5.852,99
3/3/20,US,1,Vermont,50,6554,5.316,90
3/4/20,US,1,Vermont,50,6919,5.903,100
3/5/20,US,1,Vermont,50,6601,6.108,103
3/6/20,US,1,Vermont,50,6620,7.406,125
3/7/20,US,1,Vermont,50,7133,5.046,85
3/8/20,US,1,Vermont,50,7173,5.129,86
3/9/20,US,1,Vermont,50,6765,6.18,104
3/10/20,US,1,Vermont,50,6607,6.143,104
3/11/20,US,1,Vermont,50,6472,6.572,111
3/12/20,US,1,Vermont,50,6540,6.404,108
3/13/20,US,1,Vermont,50,6402,6.364,107
3/14/20,US,1,Vermont,50,6435,3.489,59
3/15/20,US,1,Vermont,50,6473,2.699,45
3/16/20,US,1,Vermont,50,6107,4.685,79
3/17/20,US,1,Vermont,50,6293,3.05,51
3/18/20,US,1,Vermont,50,6061,2.131,36
3/19/20,US,1,Vermont,50,6037,1.905,32
3/20/20,US,1,Vermont,50,5580,2.475,41
3/21/20,US,1,Vermont,50,4961,0.195,3
3/22/20,US,1,Vermont,50,5516,0.082,1
3/23/20,US,1,Vermont,50,5925,0.489,8
3/24/20,US,1,Vermont,50,6032,0.201,3
3/25/20,US,1,Vermont,50,5878,0.862,14
3/26/20,US,1,Vermont,50,6037,0.117,1
3/27/20,US,1,Vermont,50,6196,0.336,5
3/28/20,US,1,Vermont,50,6091,0.059,0
3/29/20,US,1,Vermont,50,6309,0.031,0
3/30/20,US,1,Vermont,50,6311,0.05,0
3/31/20,US,1,Vermont,50,6278,0.172,2
4/1/20,US,1,Vermont,50,6376,0.202,3
4/2/20,US,1,Vermont,50,6165,0.062,1
4/3/20,US,1,Vermont,50,6202,0.133,2
4/4/20,US,1,Vermont,50,6076,0.098,1
4/5/20,US,1,Vermont,50,6127,0.041,0
4/6/20,US,1,Vermont,50,5926,0.24,4
4/7/20,US,1,Vermont,50,6073,0.203,3
4/8/20,US,1,Vermont,50,5993,0.11,1
4/9/20,US,1,Vermont,50,6029,0.046,0
4/10/20,US,1,Vermont,50,5747,0.074,1
3/1/20,US,1,Virginia,51,146018,5.243,65
3/2/20,US,1,Virginia,51,152900,8.025,100
3/3/20,US,1,Virginia,51,156512,7.92,98
3/4/20,US,1,Virginia,51,162311,8.005,99
3/5/20,US,1,Virginia,51,155120,8.475,105
3/6/20,US,1,Virginia,51,152652,9.011,112
3/7/20,US,1,Virginia,51,151956,6.935,86
3/8/20,US,1,Virginia,51,150147,5.242,65
3/9/20,US,1,Virginia,51,156682,7.834,97
3/10/20,US,1,Virginia,51,155392,8.042,100
3/11/20,US,1,Virginia,51,154046,8.249,102
3/12/20,US,1,Virginia,51,153192,8.18,101
3/13/20,US,1,Virginia,51,149274,7.782,96
3/14/20,US,1,Virginia,51,143767,4.859,60
3/15/20,US,1,Virginia,51,141160,2.517,31
3/16/20,US,1,Virginia,51,143425,5.38,67
3/17/20,US,1,Virginia,51,149767,4.371,54
3/18/20,US,1,Virginia,51,145516,3.507,43
3/19/20,US,1,Virginia,51,145599,3.817,47
3/20/20,US,1,Virginia,51,135784,4.479,55
3/21/20,US,1,Virginia,51,118262,1.302,16
3/22/20,US,1,Virginia,51,131602,0.487,6
3/23/20,US,1,Virginia,51,142787,1.607,20
3/24/20,US,1,Virginia,51,146868,2.049,25
3/25/20,US,1,Virginia,51,141269,1.141,14
3/26/20,US,1,Virginia,51,145610,2.013,25
3/27/20,US,1,Virginia,51,145671,2.435,30
3/28/20,US,1,Virginia,51,142229,0.718,8
3/29/20,US,1,Virginia,51,147770,0.335,4
3/30/20,US,1,Virginia,51,147772,1.483,18
3/31/20,US,1,Virginia,51,146917,0.54,6
4/1/20,US,1,Virginia,51,147186,0.656,8
4/2/20,US,1,Virginia,51,145079,1.266,15
4/3/20,US,1,Virginia,51,143590,1.81,22
4/4/20,US,1,Virginia,51,138818,0.472,5
4/5/20,US,1,Virginia,51,143427,0.092,1
4/6/20,US,1,Virginia,51,140090,0.952,11
4/7/20,US,1,Virginia,51,142480,1.083,13
4/8/20,US,1,Virginia,51,142992,1.078,13
4/9/20,US,1,Virginia,51,143955,1.188,14
4/10/20,US,1,Virginia,51,134826,1.729,21
3/1/20,US,1,Washington,53,108891,3.423,55
3/2/20,US,1,Washington,53,113705,6.026,97
3/3/20,US,1,Washington,53,116129,6.075,98
3/4/20,US,1,Washington,53,118971,6.158,100
3/5/20,US,1,Washington,53,113720,6.229,101
3/6/20,US,1,Washington,53,111360,6.29,102
3/7/20,US,1,Washington,53,111670,4.401,71
3/8/20,US,1,Washington,53,112753,2.908,47
3/9/20,US,1,Washington,53,115763,5.286,85
3/10/20,US,1,Washington,53,114448,5.502,89
3/11/20,US,1,Washington,53,115830,5.488,89
3/12/20,US,1,Washington,53,111698,5.414,87
3/13/20,US,1,Washington,53,110257,5.269,85
3/14/20,US,1,Washington,53,106257,2.502,40
3/15/20,US,1,Washington,53,104991,1.536,24
3/16/20,US,1,Washington,53,106551,3.827,62
3/17/20,US,1,Washington,53,110569,2.793,45
3/18/20,US,1,Washington,53,107199,2.731,44
3/19/20,US,1,Washington,53,102575,2.192,35
3/20/20,US,1,Washington,53,100108,3.061,49
3/21/20,US,1,Washington,53,89758,0.359,5
3/22/20,US,1,Washington,53,99432,0.067,1
3/23/20,US,1,Washington,53,105725,1.051,17
3/24/20,US,1,Washington,53,108947,0.378,6
3/25/20,US,1,Washington,53,104625,0.322,5
3/26/20,US,1,Washington,53,107316,0.055,0
3/27/20,US,1,Washington,53,107024,0.069,1
3/28/20,US,1,Washington,53,105807,0.036,0
3/29/20,US,1,Washington,53,109025,0.032,0
3/30/20,US,1,Washington,53,110376,0.045,0
3/31/20,US,1,Washington,53,110485,0.063,1
4/1/20,US,1,Washington,53,109126,0.097,1
4/2/20,US,1,Washington,53,107614,0.113,1
4/3/20,US,1,Washington,53,106171,0.306,4
4/4/20,US,1,Washington,53,104224,0.054,0
4/5/20,US,1,Washington,53,109055,0.036,0
4/6/20,US,1,Washington,53,103233,0.227,3
4/7/20,US,1,Washington,53,105106,0.218,3
4/8/20,US,1,Washington,53,105473,0.344,5
4/9/20,US,1,Washington,53,102126,0.418,6
4/10/20,US,1,Washington,53,97200,0.95,15
3/1/20,US,1,"Washington, D.C.",11,4735,3.739,102
3/2/20,US,1,"Washington, D.C.",11,4344,2.798,76
3/3/20,US,1,"Washington, D.C.",11,5165,3.583,98
3/4/20,US,1,"Washington, D.C.",11,5349,3.656,100
3/5/20,US,1,"Washington, D.C.",11,4956,3.902,106
3/6/20,US,1,"Washington, D.C.",11,4874,4.268,116
3/7/20,US,1,"Washington, D.C.",11,4928,3.966,108
3/8/20,US,1,"Washington, D.C.",11,5380,4.506,123
3/9/20,US,1,"Washington, D.C.",11,5199,3.377,92
3/10/20,US,1,"Washington, D.C.",11,5090,3.519,96
3/11/20,US,1,"Washington, D.C.",11,4993,3.623,99
3/12/20,US,1,"Washington, D.C.",11,4887,3.729,101
3/13/20,US,1,"Washington, D.C.",11,4342,4.044,110
3/14/20,US,1,"Washington, D.C.",11,3675,3.163,86
3/15/20,US,1,"Washington, D.C.",11,3428,1.112,30
3/16/20,US,1,"Washington, D.C.",11,3253,1.293,35
3/17/20,US,1,"Washington, D.C.",11,3536,0.456,12
3/18/20,US,1,"Washington, D.C.",11,3235,0.349,9
3/19/20,US,1,"Washington, D.C.",11,3212,0.2,5
3/20/20,US,1,"Washington, D.C.",11,2822,0.403,11
3/21/20,US,1,"Washington, D.C.",11,2353,0.043,1
3/22/20,US,1,"Washington, D.C.",11,2358,0.035,0
3/23/20,US,1,"Washington, D.C.",11,2923,0.027,0
3/24/20,US,1,"Washington, D.C.",11,2988,0.031,0
3/25/20,US,1,"Washington, D.C.",11,2621,0.025,0
3/26/20,US,1,"Washington, D.C.",11,2882,0.033,0
3/27/20,US,1,"Washington, D.C.",11,2873,0.045,1
3/28/20,US,1,"Washington, D.C.",11,2613,0.022,0
3/29/20,US,1,"Washington, D.C.",11,2675,0.023,0
3/30/20,US,1,"Washington, D.C.",11,2972,0.031,0
3/31/20,US,1,"Washington, D.C.",11,3010,0.025,0
4/1/20,US,1,"Washington, D.C.",11,3017,0.023,0
4/2/20,US,1,"Washington, D.C.",11,2795,0.032,0
4/3/20,US,1,"Washington, D.C.",11,2698,0.035,0
4/4/20,US,1,"Washington, D.C.",11,2476,0.023,0
4/5/20,US,1,"Washington, D.C.",11,2851,0.024,0
4/6/20,US,1,"Washington, D.C.",11,2650,0.027,0
4/7/20,US,1,"Washington, D.C.",11,2705,0.025,0
4/8/20,US,1,"Washington, D.C.",11,2906,0.025,0
4/9/20,US,1,"Washington, D.C.",11,2867,0.024,0
4/10/20,US,1,"Washington, D.C.",11,2520,0.028,0
3/1/20,US,1,West Virginia,54,30111,5.619,72
3/2/20,US,1,West Virginia,54,31716,7.584,98
3/3/20,US,1,West Virginia,54,32519,7.614,98
3/4/20,US,1,West Virginia,54,33585,7.723,100
3/5/20,US,1,West Virginia,54,32293,8.024,103
3/6/20,US,1,West Virginia,54,31867,8.453,109
3/7/20,US,1,West Virginia,54,31217,7.001,90
3/8/20,US,1,West Virginia,54,30844,5.606,72
3/9/20,US,1,West Virginia,54,32055,7.578,98
3/10/20,US,1,West Virginia,54,31989,7.374,95
3/11/20,US,1,West Virginia,54,31625,7.764,100
3/12/20,US,1,West Virginia,54,31354,7.935,102
3/13/20,US,1,West Virginia,54,30636,8.42,109
3/14/20,US,1,West Virginia,54,29548,5.348,69
3/15/20,US,1,West Virginia,54,28835,3.573,46
3/16/20,US,1,West Virginia,54,29187,6.217,80
3/17/20,US,1,West Virginia,54,30520,5.494,71
3/18/20,US,1,West Virginia,54,29599,4.957,64
3/19/20,US,1,West Virginia,54,29442,4.934,63
3/20/20,US,1,West Virginia,54,27640,5.076,65
3/21/20,US,1,West Virginia,54,23298,1.746,22
3/22/20,US,1,West Virginia,54,26497,0.57,7
3/23/20,US,1,West Virginia,54,28760,2.527,32
3/24/20,US,1,West Virginia,54,29896,2.034,26
3/25/20,US,1,West Virginia,54,28586,1.25,16
3/26/20,US,1,West Virginia,54,29279,2.408,31
3/27/20,US,1,West Virginia,54,29667,2.116,27
3/28/20,US,1,West Virginia,54,29652,1.338,17
3/29/20,US,1,West Virginia,54,30634,0.477,6
3/30/20,US,1,West Virginia,54,30177,1.859,24
3/31/20,US,1,West Virginia,54,30167,1.33,17
4/1/20,US,1,West Virginia,54,30334,1.368,17
4/2/20,US,1,West Virginia,54,29966,2.035,26
4/3/20,US,1,West Virginia,54,29881,2.761,35
4/4/20,US,1,West Virginia,54,29046,1.54,19
4/5/20,US,1,West Virginia,54,29522,0.268,3
4/6/20,US,1,West Virginia,54,29111,2.124,27
4/7/20,US,1,West Virginia,54,29663,1.794,23
4/8/20,US,1,West Virginia,54,30014,1.683,21
4/9/20,US,1,West Virginia,54,30152,1.785,23
4/10/20,US,1,West Virginia,54,28157,2.281,29
3/1/20,US,1,Wisconsin,55,82668,4.138,62
3/2/20,US,1,Wisconsin,55,84835,6.457,97
3/3/20,US,1,Wisconsin,55,86460,6.627,99
3/4/20,US,1,Wisconsin,55,90443,6.638,100
3/5/20,US,1,Wisconsin,55,86410,6.914,104
3/6/20,US,1,Wisconsin,55,84618,7.986,120
3/7/20,US,1,Wisconsin,55,84560,5.985,90
3/8/20,US,1,Wisconsin,55,84306,4.162,62
3/9/20,US,1,Wisconsin,55,87538,6.03,90
3/10/20,US,1,Wisconsin,55,86663,6.568,98
3/11/20,US,1,Wisconsin,55,85810,6.601,99
3/12/20,US,1,Wisconsin,55,85548,6.746,101
3/13/20,US,1,Wisconsin,55,82357,7.343,110
3/14/20,US,1,Wisconsin,55,78987,4.085,61
3/15/20,US,1,Wisconsin,55,78237,2.322,34
3/16/20,US,1,Wisconsin,55,78896,5.088,76
3/17/20,US,1,Wisconsin,55,82557,4.222,63
3/18/20,US,1,Wisconsin,55,80564,2.892,43
3/19/20,US,1,Wisconsin,55,80345,2.554,38
3/20/20,US,1,Wisconsin,55,75771,3.123,47
3/21/20,US,1,Wisconsin,55,67472,0.339,5
3/22/20,US,1,Wisconsin,55,74309,0.052,0
3/23/20,US,1,Wisconsin,55,80087,1.974,29
3/24/20,US,1,Wisconsin,55,83583,1.165,17
3/25/20,US,1,Wisconsin,55,80439,0.713,10
3/26/20,US,1,Wisconsin,55,82436,0.593,8
3/27/20,US,1,Wisconsin,55,82785,1.231,18
3/28/20,US,1,Wisconsin,55,83328,0.043,0
3/29/20,US,1,Wisconsin,55,86412,0.035,0
3/30/20,US,1,Wisconsin,55,85788,0.574,8
3/31/20,US,1,Wisconsin,55,85506,0.604,9
4/1/20,US,1,Wisconsin,55,85933,0.872,13
4/2/20,US,1,Wisconsin,55,84311,1.277,19
4/3/20,US,1,Wisconsin,55,83540,1.474,22
4/4/20,US,1,Wisconsin,55,81628,0.198,2
4/5/20,US,1,Wisconsin,55,83872,0.062,0
4/6/20,US,1,Wisconsin,55,81790,0.765,11
4/7/20,US,1,Wisconsin,55,83801,1.248,18
4/8/20,US,1,Wisconsin,55,82633,0.793,11
4/9/20,US,1,Wisconsin,55,82721,0.725,10
4/10/20,US,1,Wisconsin,55,78263,1.601,24
3/1/20,US,1,Wyoming,56,8488,2.16,53
3/2/20,US,1,Wyoming,56,8940,3.535,87
3/3/20,US,1,Wyoming,56,9059,3.644,90
3/4/20,US,1,Wyoming,56,9425,4.02,100
3/5/20,US,1,Wyoming,56,8973,4.231,105
3/6/20,US,1,Wyoming,56,8865,4.903,121
3/7/20,US,1,Wyoming,56,8685,3.998,99
3/8/20,US,1,Wyoming,56,8645,2.696,67
3/9/20,US,1,Wyoming,56,8985,4.09,101
3/10/20,US,1,Wyoming,56,9073,4.169,103
3/11/20,US,1,Wyoming,56,9237,4.3,106
3/12/20,US,1,Wyoming,56,9053,4.422,110
3/13/20,US,1,Wyoming,56,8734,4.56,113
3/14/20,US,1,Wyoming,56,8377,2.834,70
3/15/20,US,1,Wyoming,56,8159,2.261,56
3/16/20,US,1,Wyoming,56,8259,3.64,90
3/17/20,US,1,Wyoming,56,8510,3.434,85
3/18/20,US,1,Wyoming,56,8428,3.381,84
3/19/20,US,1,Wyoming,56,8146,2.263,56
3/20/20,US,1,Wyoming,56,7633,2.616,65
3/21/20,US,1,Wyoming,56,7305,1.916,47
3/22/20,US,1,Wyoming,56,7980,0.972,24
3/23/20,US,1,Wyoming,56,8333,2.619,65
3/24/20,US,1,Wyoming,56,8747,2.513,62
3/25/20,US,1,Wyoming,56,8573,2.462,61
3/26/20,US,1,Wyoming,56,8891,2.381,59
3/27/20,US,1,Wyoming,56,8691,2.381,59
3/28/20,US,1,Wyoming,56,8765,1.09,27
3/29/20,US,1,Wyoming,56,9185,0.81,20
3/30/20,US,1,Wyoming,56,8966,2.182,54
3/31/20,US,1,Wyoming,56,9150,2.19,54
4/1/20,US,1,Wyoming,56,9186,2.187,54
4/2/20,US,1,Wyoming,56,8838,1.316,32
4/3/20,US,1,Wyoming,56,8624,1.997,49
4/4/20,US,1,Wyoming,56,8714,1.186,29
4/5/20,US,1,Wyoming,56,8981,0.65,16
4/6/20,US,1,Wyoming,56,8365,1.894,47
4/7/20,US,1,Wyoming,56,8467,2.201,54
4/8/20,US,1,Wyoming,56,8663,2.42,60
4/9/20,US,1,Wyoming,56,8483,2.262,56
4/10/20,US,1,Wyoming,56,8291,2.788,69